Lastname;Name;Street;HouseNumber;PostalCode;City;Country;email;InvoiceID;InvoiceDate;OrderNr;Ref;Product;n;x;s00;s1;total
Babucke;Leon;Eichbuschallee;1;72138;Kirchentellinsfurt;Deutschland;Leon.Babucke@gmx.de;FR-21-892923467;18.05.2021;0DD23FJHBTJ;TH2214MSNTGA;League of Legends Account EUW 40-50k BE Lol Smurf Lvl 30+ UNVERIFIED Unranked;1;11;11;2;13
Dachs;Helen;KGA Holunderbusch;8;68782;BrÅhl (Baden);Deutschland;Helen.Dachs@gmx.de;FR-21-891875821;05.11.2021;6HV255IQLKRG;YU851FIOLVQ;Landwirtschafts Simulator 22 2022 (PC DVD + Digital) (NEU & OVP) (Vorbestellung);1;303;303;57;360
Iding;Phil;Helbigstra·e;8;71720;Oberstenfeld;Deutschland;Phil.Iding@gmx.de;FR-21-80549685;28.01.2021;8KK860ODICYA;GD4157ZRUZRI;League of Legends Account EUW 60-70k BE Lol Smurf Lvl 30+ UNVERIFIED Unranked;1;3;3;1;4
Pachali;Hendrik;Vimystra·e;1;72636;Frickenhausen (WÅrttemberg);Deutschland;Hendrik.Pachali@gmx.de;FR-21-462067791;29.03.2021;6IQ524TINMYX;KO2675SQNPLO;League of Legends Account LOL EUW Unranked Lvl 30 All Champs Smurf Skins Acc BE;1;3;3;1;4
Oberleitner;Mareen;Gemeinschaftsstra·e;45;72415;Grosselfingen;Deutschland;Mareen.Oberleitner@gmx.de;FR-21-157690396;21.02.2021;9BA783IZWVGP;FP9429POABUC;[Europa/EU] Genshin Impact Hutao Baal Ayaka Diluc Jean Mona Venti Qiqi Kazuha;1;17;17;3;20
Ebersmann;Gel;Platz der Befreiung;8;71711;Murr;Deutschland;Gel.Ebersmann@gmx.de;FR-21-953164588;02.03.2021;6LU503GUJEEC;KB1783TNJRBF;Call of Duty Modern Warfare | PC | DE/MULTI | Battle.net | No Key/Code;1;42;42;8;50
Pachinger;Hardy;Wilhelm-Ostwald-Stra·e;51;72657;Altenriet;Deutschland;Hardy.Pachinger@gmx.de;FR-21-247444804;12.02.2021;1YB598JGDDKA;SL7638DCPMUW;Pet Simulator X Dark Matter Galaxy Fox;1;11;11;2;13
Labella;Julian;Forsthausallee;8;71297;Mînsheim;Deutschland;Julian.Labella@gmx.de;FR-21-610651744;10.12.2020;8AG169CHNPFO;ML1732VERRLA;Mario + Rabbids Kingdom Battle Gold Edition **Nintendo Switch Spiel NEU OVP;1;17;17;3;20
Abdellaoui;Susanne;Bernstadter Weg;26;69250;Schînau (Odenwald);Deutschland;Susanne.Abdellaoui@gmx.de;FR-21-292701904;15.05.2021;1NH171FEDXFQ;CX1595WBGGOG;100 x Exalted Orb | Scourge League | Path of Exile | PoE | Deutsche IP;1;143;143;27;170
Ebbers;Lea;Glienicker Weg;2;71155;Altdorf (Kreis Bîblingen);Deutschland;Lea.Ebbers@gmx.de;FR-21-657720990;07.01.2021;4VR740TURMCX;BW7YRNEOZ;Minecraft Premium Windows 10/11 Key [DE][PC][TOP][H«œndler] Blitz-Versand NEU É?≠É?≠;2;67;134;26;160
Oberegger;Kaaria;Genossenschaftsstra·e;64;72227;Egenhausen;Deutschland;Kaaria.Oberegger@gmx.de;FR-21-591430385;21.10.2021;2ZI89YABFUW;AQ5158NTGCVH;50 x Exalted Orb | Scourge League | Path of Exile | PoE | Deutsche IP;1;34;34;6;40
Jacqueline;Yannis;Forsthausallee;1;72510;Stetten am kalten Markt;Deutschland;Yannis.Jacqueline@gmx.de;FR-21-482453893;10.10.2021;7GZ710JEZBZR;NJ9245UYUSDM;WoW Classic Season of Mastery (SoM) Kingsfall Gold Horde&Allianz - Blitzversand;3;42;126;24;150
Caicedo;Dirk;Thomas-MÅntzer-Stra·e;1;72555;Metzingen;Deutschland;Dirk.Caicedo@gmx.de;FR-21-979291925;08.09.2021;2NL822EGJPDP;PC6948OPDOOF;Call of Duty: Vanguard| PC | DE/MULTI [Battle.net] No Key/Code;1;67;67;13;80
Eble;Hugo;Erich-Thilo-Stra·e;2;72144;Du·lingen;Deutschland;Hugo.Eble@gmx.de;FR-21-555215099;29.11.2021;8EI199MRPMLN;TQ8339CCTIBU;Red Dead Redemption 2 | PC | Digital Download | INSTANT [GLOBAL];1;34;34;6;40
Qorraj;Linas;BÑrdorfer Zeile;12;72474;Winterlingen;Deutschland;Linas.Qorraj@gmx.de;FR-21-635685590;13.12.2020;3CU103ARAVAE;KU8115UYVGGM;New World Gold Coins Alle EU Server DE Sofortversand Sicher Schnell;1;51;51;10;61
Maack;Christoph;Hollstra·e;48;72160;Horb am Neckar;Deutschland;Christoph.Maack@gmx.de;FR-21-835539635;05.05.2021;5UE109DZUKKZ;UC4368QUWRVH;WoW Classic Season of Mastery (SoM) Dreadnaught Gold Horde&Allianz Blitzversand!;1;76;76;14;90
Packroff;Jonathan;Baumschulenstra·e;7;72226;Simmersfeld;Deutschland;Jonathan.Packroff@gmx.de;FR-21-820770679;25.01.2021;0RA976DRCCEY;IC2570BPQWCJ;Grand Theft Auto V Premium Edition |PC| Digital Download| INSTANT [GLOBAL]|GTA 5;1;84;84;16;100
Jacksteit;Vidu;KGA Holunderbusch;98;72417;Jungingen;Deutschland;Vidu.Jacksteit@gmx.de;FR-21-959089541;21.11.2021;7AB311GYKXEZ;CF1079ZADJNK;Diablo 2 Resurrected  Infinity d2r Unendlichkeit  eth Drescher PC SC ber;1;5;5;1;6
Dada;Ivette;Ekkehardstra·e;28;69181;Leimen (Baden);Deutschland;Ivette.Dada@gmx.de;FR-21-110494605;29.06.2021;0JO387SSKRHV;QM9935LCWQQK;League of Legends Account EUW 50.000+ BE Lol Smurf Lvl 30+ UNVERIFIED Unranked;1;59;59;11;70
Kabus;Bianca;Rosenweg;29;68809;Neulu·heim;Deutschland;Bianca.Kabus@gmx.de;FR-21-906490707;30.05.2021;7NE92AXTISH;YP7124AYXQET;Horizon: Zero Dawn (Complete Edition) [PC-Download | STEAM | KEY];1;34;34;6;40
Haarmeyer;Raina;Platz der Befreiung;9;68723;Schwetzingen;Deutschland;Raina.Haarmeyer@gmx.de;FR-21-564436527;09.07.2021;2UK936DVJNBG;ED9771GCAKGD;Diablo 2 Resurrected - Runes - 31# -Jah;1;13;13;3;16
Babel;Ebba;Bergaustra·e;98;71679;Asperg;Deutschland;Ebba.Babel@gmx.de;FR-21-587167293;30.07.2021;5HL649FRHAMA;NA7947SYOXEH;Cyberpunk 2077 Key - GOG PC Spiel Digital Donwload Code - DE/EU;1;8;8;2;10
DÑhne;Jaqueline;Florian-Geyer-Stra·e;4;69254;Malsch bei Wiesloch;Deutschland;Jaqueline.DÑhne@gmx.de;FR-21-520018232;13.01.2021;6PU924TDHXEA;QT4144HJLTOG;Metin2 Germania - 15 Won (1.5kkk Yang) - Blitz«¨bergabe É?≠ 100% sicher –??ç;1;3;3;1;4
Gaal;Ian;Frauenlobstra·e;58;72213;Altensteig;Deutschland;Ian.Gaal@gmx.de;FR-21-259802283;17.05.2021;9MD159WGCDSM;XG2156JXLSGK;Farming Simulator 22 | PC | STEAM | DE/MULTI | Key / Code | INSTANT;1;3;3;1;4
Maag;Cedrik;Kîpenicker Stra·e;9;72172;Sulz am Neckar;Deutschland;Cedrik.Maag@gmx.de;FR-21-421560130;20.09.2021;0IC262FAUIVL;HA4039HKHEUQ;Pet Simulator X Rainbow Galaxy Fox;2;84;168;32;200
Gaby;Kaarle;Hoffmannstra·e;28;72419;Neufra;Deutschland;Kaarle.Gaby@gmx.de;FR-21-214657656;06.01.2021;0MJ121HSFFFQ;IQ8819DLGDHS;Pet Simulator X 100M Diamonds (100.000.000) -sofortige Lieferung!;1;168;168;32;200
Labrenz;Linus;Arndtstra·e;9;71540;Murrhardt;Deutschland;Linus.Labrenz@gmx.de;FR-21-898056674;23.01.2021;8FG468YJYBJG;TJ4901THHPKA;Star Citizen 1.000.000 aUEC;1;3;3;1;4
Laake;Luzia;Dornbrunner Stra·e;61;71131;Jettingen;Deutschland;Luzia.Laake@gmx.de;FR-21-746653510;12.11.2021;2LO686BRFGBA;IT2815IWGEZP;Escape From Tarkov 10.000.000 Rubel Roubles Patch 0.12.11 EFT 10M 10 Mio 10 Mil.;2;84;168;32;200
Kaaden;Maya;Friedenstra·e;48;72636;Frickenhausen (WÅrttemberg);Deutschland;Maya.Kaaden@gmx.de;FR-21-67908069;12.04.2021;9LU176RBBDPU;QL6277GESXUH;BPM: BULLETS PER MINUTE GAME! STEAM! KEY NEU REINSCHAUEN;1;1;1;0;1
Lachmuth;Baldur;Lohnauer Steig;45;71729;Erdmannhausen;Deutschland;Baldur.Lachmuth@gmx.de;FR-21-844945531;18.09.2021;5UQ851UVFBHM;QS9660YYBXGV;Diablo 2 Resurrected - Spinnenmonsternetz - Arach - Arachnid Mesh - Softcore PC;1;67;67;13;80
Lacheta;Allessandro;Hackenbergstra·e;1;71711;Steinheim an der Murr;Deutschland;Allessandro.Lacheta@gmx.de;FR-21-457277568;05.11.2021;1HC486TLKSXE;HH5278ZWSVTH;Diablo 2 Resurrected - D2R - [EU/SC/PC] - H«œnde Auflegen / Laying of Hands;2;303;605;115;720
Ickstadt;Olivier;Moissistra·e;25;71579;Spiegelberg;Deutschland;Olivier.Ickstadt@gmx.de;FR-21-60075726;22.07.2021;7RM528RMEEDD;AG9620QOPSNZ;Microsoft Flight Simulator Premium Game of the Year 2020 Xbox Series X|S PC Key;2;42;84;16;100
Qelaj;Leon;Husstra·e;15;72417;Jungingen;Deutschland;Leon.Qelaj@gmx.de;FR-21-491988867;28.02.2021;7LL906PYSBXV;CF2841NTUVPH;Star Citizen 555000 aUEC - Alpha UEC Credit 3.15.1 Live;2;3;7;1;8
Calabrese;Fabian;Stienitzseestra·e;48;72658;Bempflingen;Deutschland;Fabian.Calabrese@gmx.de;FR-21-34682998;09.01.2021;4LJ893BRTNFE;EV8382HWRBYP;Diablo 2 Resurrected D2R unid vernichtikus. unid Annihilus - PC/SC-US/EU/ASIA;1;13;13;3;16
Eaton;Lucy;Eigenheimgasse;62;71139;Ehningen;Deutschland;Lucy.Eaton@gmx.de;FR-21-685979489;28.04.2021;2SU174ILVPNB;WA2411VXZJWK;200 x Exalted Orb - Scourge League Softcore PC Path of Exile PoE- Blitzlieferung;1;303;303;57;360
Icli;Onur;Walther-Nernst-Stra·e;48;71679;Asperg;Deutschland;Onur.Icli@gmx.de;FR-21-800296859;31.10.2021;6OV170HLTUNQ;CR1335OFEWTI;NEW WORLD - 10.000 GOLD (Taler) - ALLE SERVER *Sofortlieferung* ;1;28;28;5;33
Ebigt;Hendrik;Zinsgutstra·e;3;72131;Ofterdingen;Deutschland;Hendrik.Ebigt@gmx.de;FR-21-320797899;08.11.2021;0OF608LTCUQK;MT879RKZFXO;Forza Horizon 5 Premium XBOX ONE /Xbox Series X|S / PC Key;1;17;17;3;20
Gabbert;Jan;Baumschulenstra·e;12;72250;Freudenstadt;Deutschland;Jan.Gabbert@gmx.de;FR-21-393312367;21.01.2021;3ZR214DRCHTJ;PI1009IVUEJL;ARK: Survival Evolved  | PC | Digital Download | INSTANT [GLOBAL]| NEU;1;3;3;1;4
Calame;Fabia;Zinsgutstra·e;26;72666;Neckartailfingen;Deutschland;Fabia.Calame@gmx.de;FR-21-488455202;08.03.2021;5NS248CUYAUL;JV7769LGHBBQ;Call of Duty Black Ops Cold War| PC |Digital Download| INSTANT [GLOBAL] CoD;1;2;2;0;2
Baaz;Djamila;Magnusstra·e;6;71549;Auenwald;Deutschland;Djamila.Baaz@gmx.de;FR-21-946851062;18.10.2021;7MK837EYMWNS;KE6492LUHPCW;Token of Absolution | Zeichen | Reset Token Diablo 2 Resurrected [PC] EU/NA/Asia;3;84;252;48;300
Oberlechner;Liz;Freystadter Weg;3;72411;Bodelshausen;Deutschland;Liz.Oberlechner@gmx.de;FR-21-39095083;04.02.2021;9QA361LZZBSY;HC4164QDICZC;100 x Exalted Orb - Scourge League Softcore PC Path of Exile PoE- Blitzlieferung;1;51;51;10;61
Cakolli;Fabrizius;Seidenbaustra·e;14;72655;Altdorf bei NÅrtingen;Deutschland;Fabrizius.Cakolli@gmx.de;FR-21-480045146;26.06.2021;6ZJ354FKMLOH;CO3969WKOHIO;PC Spiele + Filme;1;3;3;1;4
Maasch;Daniel;Handjerystra·e;12;72213;Altensteig;Deutschland;Daniel.Maasch@gmx.de;FR-21-845926423;05.01.2021;3HZ576GAXUQU;KQ7816JZWJYL;É?¨ã˜èSWTOR Star Wars Adventsbasar Tulak Hord EU É?¨ã˜è;1;25;25;5;30
Idinger;Patrick;Hollstra·e;9;71723;Gro·bottwar;Deutschland;Patrick.Idinger@gmx.de;FR-21-258343591;12.11.2021;5NW817BARASA;XI5062MYRNWZ;Escape From Tarkov 5.000.000 Rubel Roubles Patch 0.12.11 EFT 5M 5 Mio. 5 Mil.;1;4;4;1;5
Kabelka;Aamenah;Gemeinschaftsstra·e;6;68723;Oftersheim;Deutschland;Aamenah.Kabelka@gmx.de;FR-21-915803895;20.09.2021;8HV913MVGRHK;UJ218ETTXTK;Forza Horizon 5 auf IHR Steam Account (KEIN EXTRA Account!) - Deutscher Service;1;420;420;80;500
Machnik;Hanna;KGA Einigkeit II;2;72532;Gomadingen;Deutschland;Hanna.Machnik@gmx.de;FR-21-503550306;15.03.2021;6EU694ELEJBG;XR9222DMCYJB;SWTOR Hyperkiste: Ultimatives Kartelpaket Server: Tulak Hord EU;1;2;2;0;2
Gaens;Nadine;Walther-Nernst-Stra·e;84;72587;Rîmerstein;Deutschland;Nadine.Gaens@gmx.de;FR-21-558485540;01.06.2021;7LJ542HEOUCH;XE1113WICSGG;AGE OF EMPIRES IV 4 KEIN STEAM KEY CODE SERIAL PC STANDARD EDITION AGE4 DIGITAL;1;3;3;1;4
Kabatek;Abigail;Walther-Nernst-Stra·e;3;68526;Ladenburg;Deutschland;Abigail.Kabatek@gmx.de;FR-21-224495886;11.04.2021;7CQ527VKDJEX;BQ6768NYINEB;PROJECT WINGMAN GAME! STEAM! KEY NEU REINSCHAUEN;1;42;42;8;50
Oberhollenzer;Laura;Glienicker Weg;3;72364;Obernheim;Deutschland;Laura.Oberhollenzer@gmx.de;FR-21-191456482;05.07.2021;3DJ543LFDIBL;JB147GUZJOK;Metin2 Germania 10 Won - Schnell und G«¨nstig!;1;5;5;1;6
Eber;Marianne;Rosenweg;51;71540;Murrhardt;Deutschland;Marianne.Eber@gmx.de;FR-21-753097552;26.09.2021;3PT970IJQKTW;OC4477JQUEYL;Anno 1800 - PC (NEU & OVP!);1;3;3;0;3
Abadi;Emely;Bohrauer Pfad;6;68723;Oftersheim;Deutschland;Emely.Abadi@gmx.de;FR-21-271977201;09.09.2021;7FI455VDTKVJ;FR8861LVOQQL;Total War Empire Napoleon Game of the Year inkl. allen DLCs PC DVD-ROM ;1;28;28;5;33
Macher;Fritzi;Erich-Thilo-Stra·e;7;72505;Krauchenwies;Deutschland;Fritzi.Macher@gmx.de;FR-21-705665071;24.02.2021;3KY314YNHFIQ;LJ581JAMQHS;–??æDIABLO 2 RESURRECTED D2R–??æ All Runes / Alle Runen / High Runes HR É??PC PS4 PS5É??;2;42;84;16;100
Maahs;Camern;Moissistra·e;58;72175;Dornhan;Deutschland;Camern.Maahs@gmx.de;FR-21-370455762;30.12.2020;9BS354XNSRAT;QR3016ANVJFK;Das gro«?e Big Fish Wimmelbild Paket 21 f«¨r PC | 10 x VOLLVERSIONEN | NEUWARE |;1;42;42;8;50
Lacker;Bastian;Friedlander Stra·e;36;72141;WalddorfhÑslach;Deutschland;Bastian.Lacker@gmx.de;FR-21-83006172;10.02.2021;0KH211PWLJXE;DS5590OGILBN;New World mit Steam Account - Sofort Lieferbar und Deutscher Service;1;67;67;13;80
Ebeler;Linda;Freystadter Weg;25;71282;Hemmingen (WÅrttemberg);Deutschland;Linda.Ebeler@gmx.de;FR-21-711287508;22.12.2020;3CB964IORLIV;RD5722ONFLEW;Annihilus small charm Diablo 2 Resurrected Softcore;2;3;5;1;6
Jacimovic;Todd;Erich-Thilo-Stra·e;6;72355;Schîmberg (Zollernalbkreis);Deutschland;Todd.Jacimovic@gmx.de;FR-21-412367489;05.02.2021;4SL129VIZUOB;AH6377TGPZHQ;Pet Simulator X Rainbow Alien Parasite;1;42;42;8;50
Kadam;Celine;Platz der Befreiung;3;69254;Malsch bei Wiesloch;Deutschland;Celine.Kadam@gmx.de;FR-21-215153959;06.07.2021;2TH323UHIHUQ;JC4838EXMYFQ;Forza Motorsport 7 (PC/Xbox One) [Download | Xbox Live | KEY];1;2;2;0;2
Ickes;Oscar;Helbigstra·e;5;71573;Allmersbach im Tal;Deutschland;Oscar.Ickes@gmx.de;FR-21-99610197;29.12.2020;5LY879SKPULO;AY1383QQCMBP;Tal Rasha's Armor Guardianship Diablo 2 Resurrected D2R Sorceress Sorc Arm Tal's;1;8;8;2;10
Obendorfer;Joana;Adlergestell;23;72663;Gro·bettlingen;Deutschland;Joana.Obendorfer@gmx.de;FR-21-555853268;05.02.2021;2IL311MRBQIU;FL4132BXJSND;Crysis Remastered TRILOGY | PC | Epic Games | DE/MULTI | No Key / Code | INSTANT;1;2;2;0;2
Daether;Kiki;Genossenschaftsstra·e;1;71083;Herrenberg;Deutschland;Kiki.Daether@gmx.de;FR-21-127925841;08.11.2021;2HR795CSKPZH;SD6622DSHCHY;Diablo 2 Resurrected  D2R Softcore Tal Rashas Rasha Full Set  Xbox / Pc;2;3;7;1;8
Jaax;Samuel;Am Studio;48;72181;Starzach;Deutschland;Samuel.Jaax@gmx.de;FR-21-441718146;08.06.2021;6LV733UIPYTG;GY3711PMVYET;Das gro«?e Big Fish Wimmelbild Paket 22 f«¨r PC | 10 x VOLLVERSIONEN | NEUWARE |;1;42;42;8;50
Jacobeit;Will;Berberitzenweg;27;72475;Bitz;Deutschland;Will.Jacobeit@gmx.de;FR-21-519216292;30.03.2021;6HG316GRXUNU;TF3393VPIXFZ;Das gro«?e Big Fish Wimmelbild Paket 20 f«¨r PC | 10 x VOLLVERSIONEN | NEUWARE |;1;25;25;5;30
Maas;Cyranus;Gemeinschaftsstra·e;2;72189;Vîhringen (WÅrttemberg);Deutschland;Cyranus.Maas@gmx.de;FR-21-379075501;28.09.2021;1QD467GQYHNK;TZ5306FQTVLY;Das gro«?e Big Fish Wimmelbild Paket 19 f«¨r PC | 10 x VOLLVERSIONEN | NEUWARE |;1;59;59;11;70
Cagdas;Darius;Walther-Nernst-Stra·e;6;72517;Sigmaringendorf;Deutschland;Darius.Cagdas@gmx.de;FR-21-624113689;30.10.2021;7HQ24EAFDGH;PW3805PHORGQ;Pet Simulator X Rainbow Grim Reaper x10 + 5M Gems;1;42;42;8;50
Jacko;Volker;Ernststra·e;9;72393;Burladingen;Deutschland;Volker.Jacko@gmx.de;FR-21-167360459;20.09.2021;7VJ939JQAGFP;ON432HGQBNF;BLACK AND WHITE 1 KOMPLETT DEUTSCH Neuwertig;2;3;5;1;6
Pacha;Hannes;Silberberger Stra·e;6;72589;Westerheim (WÅrttemberg);Deutschland;Hannes.Pacha@gmx.de;FR-21-412645804;23.12.2020;6ZV774NXWMDU;FX9606GEORMJ;Forza Horizon 5 Unlock All / Booster f«¨r Éù?ALLESÉù? Xbox / PC Éù?Beschreibung LesenÉù?;3;3;9;2;11
Abassi;Frieda;Gellertstra·e;4;68766;Hockenheim;Deutschland;Frieda.Abassi@gmx.de;FR-21-222528989;11.02.2021;2FA113UGOQHW;XJ6570LPTUVW;WoW-Shadowlands Gold Eredar Horde 250.000;1;3;3;1;4
Jackson;Volker;Hallberger Zeile;28;72414;Rangendingen;Deutschland;Volker.Jackson@gmx.de;FR-21-57844706;15.05.2021;2TH245YYWMHO;EQ1463SXYUHP;Tal Rashas Urteil Amu | Tal Rasha's Adjunction Amu Diablo 2 Resurrected EU/NA PC;1;3;3;1;4
Padovani;Jaakov;HÑnselstra·e;95;72358;Dormettingen;Deutschland;Jaakov.Padovani@gmx.de;FR-21-565297630;16.08.2021;6PW786NTXIEQ;OV1822ZZXBUD;Landwirtschafts-Simulator 22 Collectors Edition - PC (NEU & OVP!);1;42;42;8;50
Ebeling;Laureen;Friedlander Stra·e;6;71287;Weissach;Deutschland;Laureen.Ebeling@gmx.de;FR-21-337469792;19.08.2021;8PP909VHJMFM;LW6648AHIYVQ;Hitman III 3 | PC | Epic Games | DE/MULTI | No Key / Code | INSTANT;1;2;2;0;2
Ibler;Marlon;Gellertstra·e;8;71296;Heimsheim;Deutschland;Marlon.Ibler@gmx.de;FR-21-470646632;09.06.2021;6SG258IKAXRC;QV2393BNVKHN;Tony Hawk's Pro Skater 3 (PC. 2002. DVD-Box);1;143;143;27;170
Ebel;Luna;Eigenheimgasse;23;71277;Rutesheim;Deutschland;Luna.Ebel@gmx.de;FR-21-789349477;25.04.2021;8HP618GJTKDH;PC8959QGCAMJ;[VPN Aktiv] Dolby Atmos for Headphones Key - Xbox One / Win 10 PC Download Code;1;8;8;2;10
Machunze;Iara;Berberitzenweg;48;72587;Rîmerstein;Deutschland;Iara.Machunze@gmx.de;FR-21-906128497;21.01.2021;9IB172WFZQDJ;SI8090LDKMPN;Pet Simulator X Dark Matter Ghoul Horse Zuf«œllig Verzauberungen;1;5;5;1;6
Cabrera;Christoph;Walther-Nernst-Stra·e;1;72475;Bitz;Deutschland;Christoph.Cabrera@gmx.de;FR-21-69595329;10.01.2021;6WQ0RLDDZT;XB4293TSDYAH;Star Citizen MISC Odyssey - LTI CCU Ship;2;5;10;2;12
Kaap;Berenike;Hauptweg;47;72654;Neckartenzlingen;Deutschland;Berenike.Kaap@gmx.de;FR-21-473166861;06.09.2021;1HS880PRNRWF;EM1604IBCAVA;10x APEX Legends Promo Codes Monster Energy Token Battle Pass Levels In-Game;2;3;7;1;8
Oberhauser;Leonie;Eigenheimgasse;48;72358;Dormettingen;Deutschland;Leonie.Oberhauser@gmx.de;FR-21-207405309;06.05.2021;0NT947EHWGLD;BS4173ERGBPZ;WOW TBC CLASSIC - EVERLOOK - 1000 GOLD - Horde/Allianz *Sofortlieferung*;1;17;17;3;20
Ibraimi;Niklas;Neltestra·e;51;71404;Korb;Deutschland;Niklas.Ibraimi@gmx.de;FR-21-716359387;06.04.2021;4LL956XQETOL;XM1006HOEHRV;20 x Exalted Orb - Scourge League Softcore PC Path of Exile PoE- Blitzlieferung;1;303;303;57;360
Haas;Rabi;Seidenbaustra·e;51;68775;Ketsch;Deutschland;Rabi.Haas@gmx.de;FR-21-238811007;08.01.2021;3PA9SCNEVC;LS9948ZJEDPR;Jurassic World Evolution 2 Deluxe - PC STEAM [Deutsch / Blitzversand / Kein Key];1;5;5;1;6
Caduff;Carl;Handjerystra·e;5;72510;Stetten am kalten Markt;Deutschland;Carl.Caduff@gmx.de;FR-21-901727907;02.05.2021;7QG532EKPJXV;GN5867RJXFAW;Diablo 2 PC Resurrected D2R [SC/HC] EU/NA : Zeichen / Token of Absolution;1;2;2;0;2
Labes;Tim;Heidekampweg;65;71384;Weinstadt;Deutschland;Tim.Labes@gmx.de;FR-21-62196975;22.03.2021;0GF390IVJQMC;SC3926CMLYDY;Diablo 2 Resurrected Tal Rasha Full Set. Zauberin. Sorc D2r. PC. Switch.Armor;2;4;8;1;9
Gadde;Luca;Gellertstra·e;26;72501;Gammertingen;Deutschland;Luca.Gadde@gmx.de;FR-21-193787393;10.09.2021;2MV480CRDRIB;FX2469EPUFLE;Verdungos Herzensband Verdungos Hearty Cord Diablo2 Resurrected D2R EU SC PC;1;42;42;8;50
Lackerbauer;Caleb;Gemeinschaftsstra·e;14;72144;Du·lingen;Deutschland;Caleb.Lackerbauer@gmx.de;FR-21-391544303;17.06.2021;8XQ614BLHQJZ;UX1597MJAQHF;Marvel's Guardians of the Galaxy PC Game Code Spiel Key;2;84;168;32;200
Laban;Luis;Dammweg;1;71282;Hemmingen (WÅrttemberg);Deutschland;Luis.Laban@gmx.de;FR-21-366060065;02.07.2021;8AQ16TSIMSD;VW8612URDEIR;[VPN Aktiv] Forza Horizon 5 Premium Edition - Xbox & Windows 10 - Download Code;1;14;14;3;17
Oberndorfer;Fady;Thomas-MÅntzer-Stra·e;62;72517;Sigmaringendorf;Deutschland;Fady.Oberndorfer@gmx.de;FR-21-197871856;10.11.2021;7YG15IMTAGQ;OX6067GTRCHN;Planet Zoo (Deluxe Edition) [PC-Download | STEAM | KEY];2;42;84;16;100
Haberhauer;Ulrike;Eichbuschallee;84;69502;Hemsbach (Bergstra·e);Deutschland;Ulrike.Haberhauer@gmx.de;FR-21-907396062;27.03.2021;1RI913TJZGYO;NP4783DDYQRA;Landwirtschafts-Simulator 22 - CollectorÉ??s Edition - PC - Neu & OVP - EU Version;1;3;3;0;3
Kaczmarek;Charlotte;Am Studio;8;69242;MÅhlhausen (Kraichgau);Deutschland;Charlotte.Kaczmarek@gmx.de;FR-21-891860336;28.02.2021;4KJ134NEQIMQ;RM2946XNXQNA;Microsoft Flight Simulator X - Professional Edition (PC. 2006) - wie neu;1;13;13;3;16
Eberl;Fady;WÅnschelburger Gang;98;71573;Allmersbach im Tal;Deutschland;Fady.Eberl@gmx.de;FR-21-572495265;12.08.2021;3CO58JFOYLC;WD648KCVLRK;NEW WORLD GOLD - 10.000 Gold Alle EU Server;1;101;101;19;120
Labonte;Quirin;Abtstra·e;1;71409;Schwaikheim;Deutschland;Quirin.Labonte@gmx.de;FR-21-574194116;18.03.2021;8NA18VKNISK;JB5875OHBJFO;Diablo 2 PC (Softcore/Hardcore): Ohrenkette G«¨rtel / String of Ears Belt;2;28;55;11;66
Habegger;Sabine;Bergaustra·e;1;69242;MÅhlhausen (Kraichgau);Deutschland;Sabine.Habegger@gmx.de;FR-21-931187788;23.04.2021;7TX799GRHNBC;RQ8699KUUUWS;ARK Survival Evolved Steam No Key Download Game [DE] [EU] PC;1;42;42;8;50
Laatz;Philipp;Baumschulenstra·e;6;71263;Weil der Stadt;Deutschland;Philipp.Laatz@gmx.de;FR-21-294131257;21.03.2021;8XJ827LNYAOZ;IB3280RHMXNE;Die Sims 1 Set Hauptspiel + Alle Erweiterungen - Deutsche Versionen ! ;1;2;2;0;2
Ibili;Zoe;Neltestra·e;84;71277;Rutesheim;Deutschland;Zoe.Ibili@gmx.de;FR-21-81948732;14.07.2021;4YC978KGRLCM;SC6200TQBWLW;Beliebteste Spiele und Klassiker f«¨r Playstation 4 / PS4 (USK18);1;3;3;1;4
Ebing;Heiko;Carl-Scheele-Stra·e;6;72135;Dettenhausen;Deutschland;Heiko.Ebing@gmx.de;FR-21-23959280;14.09.2021;1NL788GIHZRY;DM703XGMERD;Minecraft Premium Xbox One/S/X Starter [Xbox]][H«œndler] Blitz-Versand É?≠É?≠;1;3;3;1;4
Kade;Daphne;Stienitzseestra·e;8;69429;Waldbrunn (Odenwald);Deutschland;Daphne.Kade@gmx.de;FR-21-378071254;06.07.2021;3KY915ULJXMD;CE8748KSDLAK;Genshin Impact Eu Ar 53 Raiden Mona Keqing Hu Tao Jean and more 5 star Weapon;2;5;10;2;12
Ebner;Hagar;Am Adlergestell;1;72149;Neustetten;Deutschland;Hagar.Ebner@gmx.de;FR-21-345180090;06.09.2021;4KF351IZTZJX;YK6986TBJDWI;Diablo 2 [D2R] PC (SOFTCORE) - [SC]: Windmacht - Hydrabogen | Windforce Hydrabow;1;3;3;0;3
Eberle;Fritz;Dîrpfeldstra·e;65;71576;Burgstetten;Deutschland;Fritz.Eberle@gmx.de;FR-21-1716985;17.09.2021;4WK67AJLAXH;XB6188UPVMMJ;Dead by Daylight Unlock All (Beschreibung lesen !!);1;17;17;3;20
Laaber;Enna;Am Adlergestell;58;71101;Schînaich;Deutschland;Enna.Laaber@gmx.de;FR-21-375402032;17.08.2021;5BQ709ZBAPRI;EP314LEAWTK;habbo.de;1;67;67;13;80
Baal;Caroline;Platz der Befreiung;25;71297;Mînsheim;Deutschland;Caroline.Baal@gmx.de;FR-21-317719923;19.03.2021;6EX199PQKQOZ;TN6304WWEBWE;Deus Ex Pc Big Box US Version Rar Sammlerst«¨ck ;1;2;2;0;2
Pacht;Hauke;Behringstra·e;9;72667;Schlaitdorf;Deutschland;Hauke.Pacht@gmx.de;FR-21-492557759;08.05.2021;3RR927RLYUKJ;OY9526URZKWK;Nintendo Wii U Klassiker Spiele Super Mario Kart  Zelda Donkey Kong ;1;25;25;5;30
DÑbritz;Jill;HÑnselstra·e;26;69231;Rauenberg;Deutschland;Jill.DÑbritz@gmx.de;FR-21-965441564;27.03.2021;8VJ528XZZMLF;JW3255HNIUKC;Die Sims 2 von Electronic Arts | Game | Zustand gut;2;28;55;11;66
Haaker;Paula;KGA Am Teltowkanal III;26;72793;Pfullingen;Deutschland;Paula.Haaker@gmx.de;FR-21-133843625;08.06.2021;9IG23VKPBOE;NV4952QTGKDO;Death Stranding [PC-Download | STEAM | KEY];1;59;59;11;70
Kabuth;Blanka;Schneckenburgerstra·e;5;69151;NeckargemÅnd;Deutschland;Blanka.Kabuth@gmx.de;FR-21-381519433;08.01.2021;7HR832AMSSUI;GN7022JFGEMK;New World Gold - ALLE SERVER *Sofortversand aus DE* 1000 - 50000;1;25;25;5;30
Idel;Otto;Gemeinschaftsstra·e;3;71706;Markgrîningen;Deutschland;Otto.Idel@gmx.de;FR-21-489481225;09.01.2021;9TM880NVRSPG;LY3172PJPCVS;Diablo2 D2R [SOFTCORE] EU/NA PC: Arreats Antlitz | Arreat's Face - Slayer Guard;2;3;6;1;7
Caba;Batiste;Glienicker Weg;6;72414;Rangendingen;Deutschland;Batiste.Caba@gmx.de;FR-21-118812478;11.02.2021;7JY460HCEYQM;QV5859EPVQRE;Diablo 2 Resurrected H«Ùllenfeuerfackel Torch PC PS4 PS5 Zauberin Sorc 18/20 D2R;1;3;3;0;3
Jaeckel;Amy;Kînigsheideweg;2;72519;Veringenstadt;Deutschland;Amy.Jaeckel@gmx.de;FR-21-890417285;10.03.2021;2TN33ADXNIL;FX2684WSMBQG;Andariels Antlitz | Andariel's Visage | Andy Face Diablo 2 Resurrected EU/NA PC;1;303;303;57;360
Paatz;Gel;Ernst-Lau-Stra·e;26;72555;Metzingen;Deutschland;Gel.Paatz@gmx.de;FR-21-437295086;09.02.2021;2BU98GMZLPL;UX9695JZCUDF;[Europe/EU] Genshin Impact Hu Tao Starter AR7 [Instant Delivery];1;3;3;0;3
Abdullahu;Astrid;Walther-Nernst-Stra·e;1;69439;Zwingenberg (Baden);Deutschland;Astrid.Abdullahu@gmx.de;FR-21-408869886;17.06.2021;0BL386HPGIUH;YL1245USXUHE;LANDWIRTSCHAFTS SIMULATOR 2022 PC DVD ROM EDITION 22 DEUTSCH NEUWARE;2;17;34;6;40
Kader;Dominique;Zinsgutstra·e;36;69469;Weinheim (Bergstra·e);Deutschland;Dominique.Kader@gmx.de;FR-21-940911231;01.03.2021;1AX570ZOQQVT;HT3350NCZTPJ;diablo 2 resurrected pc 5x Um Rune Item D2r High Run ;1;3;3;1;4
JÑhnert;Paulina;Lohnauer Steig;14;72587;Rîmerstein;Deutschland;Paulina.JÑhnert@gmx.de;FR-21-254914846;07.02.2021;1AL857DUFNNS;FH7886ZIILRE;300 Exalted Orb Scourge SC | Path of Exile | POE Scourge Softcore Deutsche IP PC;1;42;42;8;50
Igler;Richard;Wassermannstra·e;36;72149;Neustetten;Deutschland;Richard.Igler@gmx.de;FR-21-734781150;05.10.2021;8ZN765CTNDGV;YS4979FMRGHT;Fortnite OG Sensenmann! PlayStation! Mako Gleiter Season 1! Mit Rette Die Welt!;1;2;2;0;2
Abdic;Wilma;Friedlander Stra·e;8;69256;Mauer (Baden);Deutschland;Wilma.Abdic@gmx.de;FR-21-716480763;07.05.2021;1ME870HFTXUL;VM2900WTCKDC;Die Sims 4 Hauptspiel Collector's Edition  **PC NEU OVP SELTEN;1;84;84;16;100
Abbasi;Anna;Neltestra·e;6;68809;Neulu·heim;Deutschland;Anna.Abbasi@gmx.de;FR-21-590404237;05.07.2021;2MP350VITVBU;UK7841FBNWZJ;Lego Harry Potter Collection - PS4 Playstation 4 Spiel - NEU OVP;1;2;2;0;2
Oberacker;Jodi;Friedenstra·e;6;72793;Pfullingen;Deutschland;Jodi.Oberacker@gmx.de;FR-21-481932248;18.04.2021;7VA463LIGUIT;TT4434AVYUDH;Diablo2 D2R[SOFTCORE]EU/NA PC: Andariels Antlitz | Andariel's Visage - Demonhead;1;67;67;13;80
Machold;Heike;Frauenlobstra·e;1;72537;Mehrstetten;Deutschland;Heike.Machold@gmx.de;FR-21-399025373;02.11.2021;5AE847LDCVKG;RE7301GQTPLK;Diablo 2 PC D2R [SOFTCORE - SC] EU/NA: Draculs Griff - Dracul's Grasp Gloves;1;14;14;3;17
Machauer;Felina;Stienitzseestra·e;27;72417;Jungingen;Deutschland;Felina.Machauer@gmx.de;FR-21-549507764;16.02.2021;1ZM677QVWSQK;WC3958VMAYSY;Call of Duty: Modern Warfare | PC [DE/MULTI] [Battle.net] No Key/Code | GLOBAL;2;42;84;16;100
Kaak;Edda;Genossenschaftsstra·e;58;72644;Oberboihingen;Deutschland;Edda.Kaak@gmx.de;FR-21-445786760;06.09.2021;5LH981RLFPEK;LN5678FWKTVE;Grand Theft Auto V GTA 5 [PC-Download | Offizielle Website | KEY];2;17;34;6;40
Cain;Donald;Vogelbeerstra·e;1;72574;Bad Urach;Deutschland;Donald.Cain@gmx.de;FR-21-722379492;02.03.2021;6AE463DKBLFC;IG9086JTTIGP;Flight Simulator 2020 - Premium Deluxe Edition PC inkl. Code;1;17;17;3;20
Jachs;Tristan;Magnusstra·e;84;72348;Rosenfeld;Deutschland;Tristan.Jachs@gmx.de;FR-21-915917589;18.06.2021;1RQ773MRXNPK;DE8797UXIDPS;Microsoft Flight Simulator 2020 PC DE Standard inkl Code;3;3;8;1;9
Kaczynski;Caren;Newtonstra·e;1;69251;Gaiberg;Deutschland;Caren.Kaczynski@gmx.de;FR-21-282803624;01.06.2021;7IM941LCTCOR;AS5266SMYFFV;WARCRAFT 3 + AddOn FROZEN THRONE = GOLD EDITION  Top;1;5;5;1;6
Gabelberger;Jonathan;Dammweg;26;72299;Wîrnersberg;Deutschland;Jonathan.Gabelberger@gmx.de;FR-21-426853660;24.11.2021;4AS793TTCLLX;VT3267HFSQJZ;Red Dead Redemption 2 | PC [Epic Games] [DE/MULTI] No Key/Code;1;51;51;10;61
Cabuk;Cedrik;Eigenheimgasse;28;72477;Schwenningen (Heuberg);Deutschland;Cedrik.Cabuk@gmx.de;FR-21-364514531;30.03.2021;4SQ954AZYOSJ;GV3743EEMYML;Call of Duty: Vanguard | PC [DE/MULTI] [Battle.net] No Key/Code | GLOBAL;1;51;51;10;61
Caglar;Diminic;Radickestra·e;3;72531;Hohenstein (WÅrttemberg);Deutschland;Diminic.Caglar@gmx.de;FR-21-75842898;19.08.2021;2FA428KXNUNV;PP9794SWMYHQ;Fallout 76 (inkl. Wastelanders) - [PC] - CODE ONLY. kein physischer Versand;3;59;176;34;210
Packmohr;Jaap;Alpenrosenweg;4;72224;Ebhausen;Deutschland;Jaap.Packmohr@gmx.de;FR-21-115684677;22.06.2021;0RO760PKNZEK;MY8744WKEIXE;COMMAND AND CONQUER GENER«?LE DELUXE inkl. Die Stunde NULL Sehr guter Zustand;3;76;227;43;270
Backe;Bertram;Freystadter Weg;2;72401;Haigerloch;Deutschland;Bertram.Backe@gmx.de;FR-21-964913255;17.02.2021;7VR242UMNJCO;VE258ENBJMZ;PC Red Dead Redemption 2 Standard Edition (Code in der Box) ;1;3;3;1;4
Ebenhîh;Magdalena;Otto-Franke-Stra·e;8;71409;Schwaikheim;Deutschland;Magdalena.Ebenhîh@gmx.de;FR-21-645879290;17.04.2021;8HQ6QDWRJJ;RA1806XYWBJL;World of Tanks - Object 279 Early - Price calculation only! ( Presales Recon );1;4;4;1;5
Labisch;Friedrich;HÑnselstra·e;5;71397;Leutenbach (WÅrttemberg);Deutschland;Friedrich.Labisch@gmx.de;FR-21-839110503;06.08.2021;8XJ563XKYHKT;PM2672OZLUKZ;World of Tanks - Object 260 - T55A - Price calculation only! ( Presales Recon );1;3;3;0;3
DÑumler;Kim;Lohnauer Steig;25;71111;Waldenbuch;Deutschland;Kim.DÑumler@gmx.de;FR-21-245376347;07.04.2021;7AS596LZZXBJ;HZ2863FKZZOC;Hitman III 3 | PC [Epic Games] [DE/MULTI] No Key/Code;3;42;126;24;150
GÑhler;Milo;Helbigstra·e;2;72581;Dettingen an der Erms;Deutschland;Milo.GÑhler@gmx.de;FR-21-439703883;03.11.2021;9SG599NEMRPG;SM4141MPDLMQ;Classic Season of Mastery - 100 Gold - Kingsfall - Allianz  ;1;51;51;10;61
Machts;Iris;Alpenrosenweg;14;72584;HÅlben;Deutschland;Iris.Machts@gmx.de;FR-21-598217827;22.12.2020;8AI259BAAWEG;SG4331CTBNWF;50 x Exalted Orb - Scourge League Softcore PC Path of Exile PoE - Blitzlieferung;2;3;7;1;8
Lachnitt;Bernd;Anna-Seghers-Stra·e;8;71737;Kirchberg an der Murr;Deutschland;Bernd.Lachnitt@gmx.de;FR-21-423247617;09.12.2021;2UF975WSPGPI;XW2203PNCXFT;Die Sims 4 - Landhaus Leben / Cottage Living - DLC - PC EA Origin Code - Global;1;168;168;32;200
Pachner;Hakan;Am Adlergestell;64;72663;Gro·bettlingen;Deutschland;Hakan.Pachner@gmx.de;FR-21-90703998;01.08.2021;0UP70CYIWNV;AB3664OHKIYD;É?≠Blitzversand É?≠SWTOR Star Wars 2 Milliarden Credits Server: Tulak Hord EU;2;51;103;19;122
Abazi;Theresa;Hoffmannstra·e;2;68794;Oberhausen-Rheinhausen;Deutschland;Theresa.Abazi@gmx.de;FR-21-827502998;06.11.2021;5UZ464MNARSV;LZ3993ISFEKM;Star Citizen - Drake Vulture - LTI;2;4;8;1;9
Haberbosch;Tabia;Kiehnwerderallee;45;69434;Heddesbach;Deutschland;Tabia.Haberbosch@gmx.de;FR-21-632374937;22.11.2021;8HL762FFASUC;QJ1687FOYEVF;–??æDIABLO 2 RESURRECTED D2R–??æ Hellfire Torch / Fackel / All Classes É??PC PS4 PS5É??;1;3;3;1;4
Haasz;Sarah;Wilhelm-Ostwald-Stra·e;29;69190;Walldorf (Baden);Deutschland;Sarah.Haasz@gmx.de;FR-21-796562870;21.11.2021;6NQ993QQNBRE;ER3391OFTWTI;–??æDIABLO 2 RESURRECTED D2R–??æ All Rings / Alle Ringe É??PC PS4 PS5É??;2;17;34;6;40
Ibisevic;Zuri;Florian-Geyer-Stra·e;6;71287;Weissach;Deutschland;Zuri.Ibisevic@gmx.de;FR-21-832689031;20.06.2021;4KU724XWLRVE;XW1305UUUTXO;Steam Account (reg. 2005-2010. 11-16 Years) | CS:GO 10 YEAR COIN + 5 YEAR COIN;1;2;2;0;2
Igelbrink;Raphael;KGA Am Teltowkanal III;1;72144;Du·lingen;Deutschland;Raphael.Igelbrink@gmx.de;FR-21-268133118;03.07.2021;5JN566OQNRHW;KT9427XTZRED;EUW 50K+ League of Legends LOL accounts Unranked 50K - 60K BE IP Smurf Level 30;2;17;34;6;40
Abbassi;Carla;BÑrdorfer Zeile;51;69151;NeckargemÅnd;Deutschland;Carla.Abbassi@gmx.de;FR-21-162997305;18.05.2021;1VF820RWGHZX;RT5106EEHUVA;É?¨ã˜èSWTOR Star Wars Adventsbasar Tulak Hord EU É?¨ã˜è;1;28;28;5;33
Aben;Aamu;Radickestra·e;25;71131;Jettingen;Deutschland;Aamu.Aben@gmx.de;FR-21-451401511;12.10.2021;0GG413AZVSBS;RM3556CIBOZP;Xploder Ultimative Edition Playstation PS3 Cheat System ;1;3;3;1;4
Packeiser;Jules;Hallberger Zeile;6;72827;Wannweil;Deutschland;Jules.Packeiser@gmx.de;FR-21-645540553;27.07.2021;2FE451YZONCV;FA1230HIJKHG;Éêã˜è Delicious 14 - Emily's Christmas Carol - Platinum Edition - PC / Windows Éêã˜è;1;84;84;16;100
JÑger;Frieda;BÑrdorfer Zeile;45;72535;Heroldstatt;Deutschland;Frieda.JÑger@gmx.de;FR-21-220930860;10.03.2021;6WK49YFBGFQ;RJ4669SYYYYY;Grand Theft Auto V Premium Online Edition - PC Rockstar Key Download Code GTA 5;1;17;17;3;20
Bacha;Julian;Heidekampweg;2;72160;Horb am Neckar;Deutschland;Julian.Bacha@gmx.de;FR-21-849568832;05.04.2021;1GD334HRCZOO;XU4499ELAQWF;Landwirtschafts-Simulator 19 - PC (NEU & OVP!);2;17;34;6;40
Kabisch;Ava;Hollstra·e;5;68766;Hockenheim;Deutschland;Ava.Kabisch@gmx.de;FR-21-758709645;11.09.2021;1TK47ZULCCY;KI3116VUYRXJ;Diablo 2 Resurrected D2R unid vernichtikus. unid Annihilus - PC/SC-US/EU/ASIA;2;84;168;32;200
Ibenthal;Xani;Hackenbergstra·e;26;71159;Mîtzingen;Deutschland;Xani.Ibenthal@gmx.de;FR-21-403427495;15.09.2021;9MF780FPNSES;DF7904UELVJE;–??æDIABLO 2 RESURRECTED–??æ All Runewords /Alle Runenw«Ùrter Only Runes É??PC PS4 PS5É??;1;5;5;1;6
Bachhofer;Peter;Arndtstra·e;36;72186;Empfingen;Deutschland;Peter.Bachhofer@gmx.de;FR-21-650759081;26.03.2021;4HZ350YTYCAB;DU3564OEKTMX;Horizon Zero Dawn Complete Edition Key - PC Spiel - Steam Download Code - Global;1;143;143;27;170
Saadi;Meteo;Bernstadter Weg;24;72519;Veringenstadt;Deutschland;Meteo.Saadi@gmx.de;FR-21-719357265;01.02.2021;6TE373LKCYZJ;KC6608OZUGWX;Fortnite Batman Zero Wing Gleiter Key PC/PS4/PS5/Xbox;1;59;59;11;70
Kablitz;Arzu;Nipkowstra·e;9;68794;Oberhausen-Rheinhausen;Deutschland;Arzu.Kablitz@gmx.de;FR-21-156453776;30.11.2021;5JY744QQQUAL;IU3516ECTYMR;Wimmelbild Sammlung PC | 17 Vollversionen | Konvolut. Bundle | Guter Zustand;1;3;3;1;4
Haarseim;Radost;Rudower Chaussee;6;68766;Hockenheim;Deutschland;Radost.Haarseim@gmx.de;FR-21-90431120;02.08.2021;0FM527QTPPAB;EM8619SAJKKE;Steam Account (6 Digit. 2003. 18 Years) | CS:GO 10 YEAR COIN + 5 YEAR COIN (+OE);1;4;4;1;5
Dabrowski;Helena;Gondeker Stra·e;3;68753;WaghÑusel;Deutschland;Helena.Dabrowski@gmx.de;FR-21-706870472;30.09.2021;2NG849UXGXTL;RY733IOADYO;Red Rocks: Das Gold der Azteken (PC-CD) NEU&OVP -Tolles Match 3 Game - 90 Levels;2;84;168;32;200
Macherius;Gabrielle;Barbara-McClintock-Stra·e;9;72511;Bingen bei Sigmaringen;Deutschland;Gabrielle.Macherius@gmx.de;FR-21-883774534;11.07.2021;7KE292XDGTGO;XJ9967YVFUIX;Harlequin Crest Shako | Harlekin Tschako | Diablo 2 Resurrected D2R SC PC;1;17;17;3;20
Gabcke;Jakob;Berberitzenweg;25;72296;Schopfloch (Schwarzwald);Deutschland;Jakob.Gabcke@gmx.de;FR-21-550851140;20.10.2021;1VU343PLWPNQ;JW2565YVISJW;É?≠ Day of the Tentacle Remastered - PC / Windows / MAC / LINUX - STEAM Key Code É?≠;1;6;6;1;7
Paap;Falko;Wassermannstra·e;26;72525;MÅnsingen (WÅrttemberg);Deutschland;Falko.Paap@gmx.de;FR-21-415184871;10.04.2021;5XS988NKLSDR;DR3271ERNNIG;Marrowwalk +2 | Knochensteig Stiefel | Diablo 2 Resurrected D2R SC PC;1;17;17;3;20
Iannelli;Violeta;HÑnselstra·e;9;71116;GÑrtringen;Deutschland;Violeta.Iannelli@gmx.de;FR-21-18648412;21.09.2021;5XE355KTWZZD;WO6887SXLEFP;Star Citizen - Banu Merchantman - LTI;1;17;17;3;20
Quabeck;Luke;Genossenschaftsstra·e;55;72488;Sigmaringen;Deutschland;Luke.Quabeck@gmx.de;FR-21-151201455;09.05.2021;5CH216IUEDPK;TH1554MNSJUY;FIFA 22 Key - Standard Version - PC EA Origin Spiel Download Code - Worldwide;1;3;3;1;4
Mabrouk;Dewis;Schneckenburgerstra·e;6;72299;Wîrnersberg;Deutschland;Dewis.Mabrouk@gmx.de;FR-21-841208951;19.07.2021;5ZB26KJLVYX;GM6553UFOJVE;Diablo 2 Resurrected Herold von Zakarum. HoZ. Pala. D2R. PC. Switch. Zaka;1;17;17;3;20
Babl;Niklas;Baumschulenstra·e;7;71737;Kirchberg an der Murr;Deutschland;Niklas.Babl@gmx.de;FR-21-93527750;29.04.2021;0QM823GWRQNH;YA5803ECFRXR;Windforce Bow 8% ML | Windmacht Bogen | Diablo 2 Resurrected D2R SC PC;1;5;5;1;6
Ebelt;Liz;Glienicker Weg;5;71296;Heimsheim;Deutschland;Liz.Ebelt@gmx.de;FR-21-684375365;16.06.2021;7CW4AVHJIP;FA3910TLKZZP;Hellpoint Nintendo Switch Spiel Action Aktion RPG Scifi Wild River Games;1;28;28;5;33
Iborg;Matti;Hackenbergstra·e;3;71299;Wimsheim;Deutschland;Matti.Iborg@gmx.de;FR-21-367616904;06.04.2021;8PK839GYDKGH;AA708ZWQCYR;Humankind - PC Spiel Steam Download Code [Einzelspieler] [Online - PvP] - DE/EU;1;42;42;8;50
Daehre;Jean;Gellertstra·e;8;69257;Wiesenbach (Baden);Deutschland;Jean.Daehre@gmx.de;FR-21-295696099;10.10.2021;8OL145HFUJCM;GL9708YXHBMM;Anno 1800 - Sonderausgabe - PC (NEU & OVP!);1;5;5;1;6
Bachman;Asis;Husstra·e;26;72250;Freudenstadt;Deutschland;Asis.Bachman@gmx.de;FR-21-51425078;29.04.2021;7XM803ZVJRDC;XK2754RWLBKD;Fortnite The Batman Who Laughs Epic Games PC/PS4/PS5/Xbox Key;3;42;126;24;150
Abaci;Amy;Arndtstra·e;25;68549;Ilvesheim;Deutschland;Amy.Abaci@gmx.de;FR-21-543808228;17.07.2021;6WG323TVSASI;AM9460AKHPBD;Éêã˜è Shadows - Awakening - DEUTSCH - Windows - STEAM Key Code Éêã˜è;1;42;42;8;50
Iannello;Victoria;Kînigsheideweg;58;71120;Grafenau (WÅrttemberg);Deutschland;Victoria.Iannello@gmx.de;FR-21-702238320;20.02.2021;6FZ717MJMUEP;BE8871ORAIXZ;–??¶ã˜è EUW League of Legends LOL Account Smurf 40.000–?œ™100.000 BE Unranked Level 30;1;13;13;3;16
Bachinger;Liam;BÑrdorfer Zeile;25;72202;Nagold;Deutschland;Liam.Bachinger@gmx.de;FR-21-335642019;16.06.2021;8FX594LWIUSM;HI3727DMDMWS;Diablo 2 Resurrected D2R SOJ Stein von Jordan / Stone of Jordan SC PC;1;42;42;8;50
Habeck;Sarah;Agavensteig;48;69226;Nu·loch;Deutschland;Sarah.Habeck@gmx.de;FR-21-918186684;17.05.2021;6KN583JYTOLH;WM9092MATFGJ;Steam Account (2003-2004. 17-18 Years) | CS:GO 10 YEAR COIN + 5 YEAR COIN (+OE);2;50;101;19;120
Ebenau;Mareen;Helbigstra·e;4;71299;Wimsheim;Deutschland;Mareen.Ebenau@gmx.de;FR-21-54980509;02.06.2021;8YZ203RTZBPV;PG4007CAXRHB;Full Natalya's Set 4 Pieces | Natalyas Set | Diablo 2 Resurrected D2R SC PC;1;3;3;0;3
Ebisch;Hanno;Wilhelm-Ostwald-Stra·e;9;72141;WalddorfhÑslach;Deutschland;Hanno.Ebisch@gmx.de;FR-21-460716993;23.02.2021;6RN422JGWOTY;SI5088VJQCYU;Diablo 2 Resurrected-SC- Torch Fackel +3 Assasine PC/PS5/PS4/Switch;2;59;118;22;140
Abeling;Adriana;Kîpenicker Stra·e;1;71106;Magstadt;Deutschland;Adriana.Abeling@gmx.de;FR-21-138690708;07.05.2021;8QN838LOZUBZ;UE4204DKICOY;Windows-PC: ONI komplett NEU in Folie - Fr«¨hwerk von RockStar Games;1;42;42;8;50
Kaba;Augusta;Anna-Seghers-Stra·e;25;72663;Gro·bettlingen;Deutschland;Augusta.Kaba@gmx.de;FR-21-25875860;24.06.2021;7DI401WGBEHS;LP8391PHVZTI;Valorant Account (EU West) | PLATINUM 1 + Ready For Competitive + Full Access;1;11;11;2;13
Calakovic;Felicitas;Weerthstra·e;47;72664;Kohlberg (WÅrttemberg);Deutschland;Felicitas.Calakovic@gmx.de;FR-21-466224717;20.11.2021;4UU247EJRZYU;YS1146FWWAVY;Valorant Account (NA) | PLATINUM 1 + Ready For Competitive + Full Access;1;3;3;0;3
Maa·en;Dag;Moissistra·e;1;72226;Simmersfeld;Deutschland;Dag.Maa·en@gmx.de;FR-21-36292981;23.12.2020;6XY832MVQEGM;DF272ASFZOG;Naj's Light Plate Armor | Najs R«¨stung | Diablo 2 Resurrected D2R SC PC;1;42;42;8;50
JÑhn;Eva;Hackenbergstra·e;1;72581;Dettingen an der Erms;Deutschland;Eva.JÑhn@gmx.de;FR-21-478961572;27.10.2021;9WI30KSMGQZ;DI2291CUQIHX;Bul-Kathos' Wedding Band Ring 4% LL | Bul Kathos | Diablo 2 Resurrected D2R;2;25;50;10;60
Gaebler;Lutz;Bernstadter Weg;9;72531;Hohenstein (WÅrttemberg);Deutschland;Lutz.Gaebler@gmx.de;FR-21-4936875;07.11.2021;8HJ96OJUGMU;YS8181DUVHRG;Arachnid Belt | Spinnenmonsternetz G«¨rtel | Arach | Diablo 2 Resurrected D2R SC;3;5;16;3;19
Babaei;Dorothee;Pfingstberggasse;9;71563;Affalterbach;Deutschland;Dorothee.Babaei@gmx.de;FR-21-230128419;05.09.2021;9VS806ANXUPM;LD9085YUJIKC;War Traveler 39% MF | Kriegsreisender Stiefel | Diablo 2 Resurrected D2R SC PC;2;17;34;6;40
Gabauer;Igor;HeidemÅhler Weg;26;72224;Ebhausen;Deutschland;Igor.Gabauer@gmx.de;FR-21-811094239;30.04.2021;1TV829PFZTCF;QL9229LBANQB;Der Herr der Ringe Die Schlacht um Mittelerde II H«¨lle mit Anleitung Kein Spiel;1;3;3;0;3
Eberstein;Geoffrey;Rudower Chaussee;3;71720;Oberstenfeld;Deutschland;Geoffrey.Eberstein@gmx.de;FR-21-353900255;12.01.2021;7JC523VDDYUQ;FF970IQZRXB;WoW Shadowlands Sanktum der Herrschaft Boost Heroisch (HC) - 10/10 SoD Boosting;1;84;84;16;100
Cada;Cem;Glienicker Weg;29;72505;Krauchenwies;Deutschland;Cem.Cada@gmx.de;FR-21-469309241;19.11.2021;4SC919MMDAKZ;PH2191SSECSF;Star Citizen - MISC Odyssey - LTI;1;3;3;1;4
Oberdick;Kiara;Lohnauer Steig;8;72827;Wannweil;Deutschland;Kiara.Oberdick@gmx.de;FR-21-728032473;13.01.2021;9QV95WWFCNA;ZE8173HVHLNG;[VPN Aktiv] Microsoft Flight Simulator - Xbox Series / Win 10 PC Download Code;2;42;84;16;100
Gach;Kevin;Husstra·e;9;72469;Me·stetten;Deutschland;Kevin.Gach@gmx.de;FR-21-974690;21.08.2021;8ST689JECVFY;DE7779OISHCO;[VPN Aktiv] LEGO CITY Undercover Spiel Key - Xbox Series / One X|S Download Code;2;59;118;22;140
Gabriela;Jeremy;Arndtstra·e;9;72369;Zimmern unter der Burg;Deutschland;Jeremy.Gabriela@gmx.de;FR-21-352779059;12.07.2021;2AV379OSWFMI;CC7369IJMRVA;Wrestling Spiele f«¨r PS2 Auswahl - WWE Smackdown vs. RAW usw. AKZEPTABEL;1;59;59;11;70
Maak;Cainan;Eigenheimgasse;47;72181;Starzach;Deutschland;Cainan.Maak@gmx.de;FR-21-340047774;07.01.2021;0VV233PLPEVQ;WG1251PLNYJM;Oculus | Das Auge | Occu | Occulus | Diablo 2 Resurrected D2R SC PC;1;17;17;3;20
Oberhoff;Lotta;Gemeinschaftsstra·e;1;72362;Nusplingen;Deutschland;Lotta.Oberhoff@gmx.de;FR-21-701514540;13.07.2021;5UL551TMWMRG;LB8191PPURPR;Tal Rasha's Guardianship Armor | Tal Rashas R«¨stung Obhut | Diablo 2 Resurrected;1;4;4;1;5
Jacobi;Walter;Bodelschwinghstra·e;26;72477;Schwenningen (Heuberg);Deutschland;Walter.Jacobi@gmx.de;FR-21-220895883;30.05.2021;0UP240QKWMKI;BJ651AWBWWK;Star Citizen - Crusader Hercules Starlifter M2 - LTI;1;3;3;1;4
Bachelier;Henry;HÑnselstra·e;95;72175;Dornhan;Deutschland;Henry.Bachelier@gmx.de;FR-21-987655199;16.09.2021;8XE56AGFJZF;SS7804GKLQUQ;PC Spiel Elex: Collector's Edition NEUWARE;1;3;3;1;4
Icen;Neo;Friedlander Stra·e;9;71554;Weissach im Tal;Deutschland;Neo.Icen@gmx.de;FR-21-52008881;08.03.2021;0UD276XDRKJZ;MA5475RAANTY;É?≠ Stronghold Crusader HD - PC - STEAM Download Key Code [DE] - BLITZVERSAND É?≠;1;168;168;32;200
Abels;Arielle;Nipkowstra·e;36;71120;Grafenau (WÅrttemberg);Deutschland;Arielle.Abels@gmx.de;FR-21-237374109;30.05.2021;1AR280LEZIGD;VR8006WUFJWR;Wer weiss denn sowas? Das 2. Spiel -  PlayStation 4 (NEU & OVP!);1;3;3;0;3
Idris;Pamir;Moissistra·e;1;71729;Erdmannhausen;Deutschland;Pamir.Idris@gmx.de;FR-21-5137055;11.09.2021;0QT335AFQFCQ;PQ8846OENBQT;Csi NY New York The Game f«¨r Pc Neu Ovp;1;3;3;0;3
Kadasch;Chaya;Rudower Chaussee;45;69257;Wiesenbach (Baden);Deutschland;Chaya.Kadasch@gmx.de;FR-21-829607896;08.03.2021;1BO270HAVGMS;AU5525WJOGOP;[VPN Aktiv] Microsoft Flight Simulator Premium Deluxe - Xbox Series / PC Code;1;11;11;2;13
Labs;Quentin;Bohrauer Pfad;98;71543;WÅstenrot;Deutschland;Quentin.Labs@gmx.de;FR-21-573557488;14.02.2021;9WF999XRQMZU;AB1427IXEWFY;Star Citizen - Anvil Carrack - LTI;1;6;6;1;7
Back;Beat;BÅchnerweg;1;72379;Hechingen;Deutschland;Beat.Back@gmx.de;FR-21-987796752;20.09.2021;4SJ917BRJRKB;IK6586KLLYSY;Star Citizen - RSI Polaris - LTI;1;17;17;3;20
Iglesias;Radi;WÅnschelburger Gang;14;72160;Horb am Neckar;Deutschland;Radi.Iglesias@gmx.de;FR-21-55806345;12.10.2021;0GV680GVGZLY;VY7699IWIKZX;DEATHLOOP (PC);1;2;2;0;2
Bachofer;Ake;Genossenschaftsstra·e;26;72355;Schîmberg (Zollernalbkreis);Deutschland;Ake.Bachofer@gmx.de;FR-21-701192455;27.01.2021;7MD912DJPGYU;LB7729NENSHK;Pc Spiel - GTA 3 (Grand Theft Auto 3) - Pc Cd Rom - OVP/top ;1;25;25;5;30
Packheiser;Jakob;Kiehnwerderallee;3;72221;Haiterbach;Deutschland;Jakob.Packheiser@gmx.de;FR-21-877174907;05.08.2021;9YS258QKXDHJ;XC1455ZLMCJE;Spiel: Die Sims 3 Jahreszeiten Erweiterungspaket PC / DVD nur Offline spielbar;1;303;303;57;360
Oberhammer;Lucy;Anna-Seghers-Stra·e;27;72351;Geislingen (Zollernalbkreis);Deutschland;Lucy.Oberhammer@gmx.de;FR-21-189016846;05.12.2021;9CJ984YHVMVY;KS3703BWKXXK;Das gro«?e Mystery Wimmelbild-Paket 6 f«¨r PC | 10 x VOLLVERSIONEN | NEUWARE |;1;3;3;0;3
Kabaca;Alba;Bernstadter Weg;24;72664;Kohlberg (WÅrttemberg);Deutschland;Alba.Kabaca@gmx.de;FR-21-615391154;25.07.2021;6IO622JIGFOF;ZI4678IMGXPX;Pet Simulator X Rainbow Galaxy Fox;1;3;3;1;4
Cagan;Daniel;Kîpenicker Stra·e;25;72514;Inzigkofen;Deutschland;Daniel.Cagan@gmx.de;FR-21-950100531;30.01.2021;0SJ949RHXZXV;RE7231IGATRU;Pet Simulator X 100M Diamonds (100.000.000) -sofortige Lieferung!;2;143;286;54;340
Obermeyer;Mae;Rosenweg;14;72510;Stetten am kalten Markt;Deutschland;Mae.Obermeyer@gmx.de;FR-21-479417747;01.01.2021;6FF37OBTOUH;HW37SLJCYG;Star Citizen 1.000.000 aUEC;1;420;420;80;500
Quadflieg;Lutz;Lohnauer Steig;2;72513;Hettingen;Deutschland;Lutz.Quadflieg@gmx.de;FR-21-477782534;16.03.2021;8FE148KUYBZC;KD205VECKTR;Escape From Tarkov 10.000.000 Rubel Roubles Patch 0.12.11 EFT 10M 10 Mio 10 Mil.;1;42;42;8;50
Daffner;Liv;Anna-Seghers-Stra·e;48;71126;GÑufelden;Deutschland;Liv.Daffner@gmx.de;FR-21-160697732;02.01.2021;4KK270VBAKZU;IK164XIQRDE;BPM: BULLETS PER MINUTE GAME! STEAM! KEY NEU REINSCHAUEN;2;84;168;32;200
Gadinger;Lennard;Hoffmannstra·e;8;72513;Hettingen;Deutschland;Lennard.Gadinger@gmx.de;FR-21-704684321;18.05.2021;2NY361ININIC;RY5922PIGPBC;Diablo 2 Resurrected - Spinnenmonsternetz - Arach - Arachnid Mesh - Softcore PC;1;1;1;0;1
Obernberger;Fynn;Steinbachstra·e;9;72514;Inzigkofen;Deutschland;Fynn.Obernberger@gmx.de;FR-21-986778925;24.04.2021;9PP863GUGZQG;NI5917HNUNUO;Diablo 2 Resurrected - D2R - [EU/SC/PC] - H«œnde Auflegen / Laying of Hands;1;76;76;14;90
JÑggi;Romy;Friedenstra·e;2;72539;Pfronstetten;Deutschland;Romy.JÑggi@gmx.de;FR-21-586374676;27.01.2021;9KF31CNRMSR;FM410KDNBSC;Microsoft Flight Simulator Premium Game of the Year 2020 Xbox Series X|S PC Key;1;134;134;26;160
;;;;;;;;;;;;;;;;;
;;;;;;;;;;;;;;;;;
;;;;;;;;;;;;;;;;;
