Name;Lastname;Street;HouseNumber;PostalCode;City;Country;HPOrderNumber;CustomerOrderNumber;CustomerOrderDate;CustomerNumber;HPUSTID;n;PNr;Product;Produkt;LSNr;DeliveryDate;PackID;SerialNr;x;s00;a;s0;s1;total;InvoiceNumber
Falko;Obermoser;Schneckenburgerstra·e;4;72511;Bingen bei Sigmaringen;Deutschland;89D584346840;ZXQT46705899;12.07.2021;603491421;DE868692613;2;297N6LX;"Apple MacBook Air Ret. 13"" (2020)";Apple MacBook Air;331276021;14.07.2021;TCS3JG6N84;LOQ23525K5;303;605;1;606;115;721;1582157
Matthis;Saage;Eigenheimgasse;14;72531;Hohenstein (WÅrttemberg);Deutschland;50I790611077;ZJZD62962214;24.12.2020;778782403;DE936427526;2;305E0KI;"HP Chromebook 11A G6 AMD A4-9120C 11.6"" 4GB 32GB Flash 1366x768 Chrome OS Orange";HP Chromebook 11A;125474192;28.12.2020;QBM3PB1W38;JIA63009I5;303;605;1;606;115;721;1753043
Saara;Habedank;Aprikosensteig;6;69231;Rauenberg;Deutschland;2V892322729;DHDX5096216;23.10.2021;870626355;DE136404967;1;157G2PR;"ASUS 15.6"" FULL-HD Laptop AMD 2.50 GHz - 8GB RAM - 512GB SSD - Win11";"ASUS 15.6"" FULL-HD Laptop";335579606;25.10.2021;HZG4HD1Q78;SXK29911G1;143;143;0;143;27;170;6499903
Floris;Machemer;Carl-Scheele-Stra·e;1;72479;Stra·berg;Deutschland;98A568255270;MDYU90946633;01.07.2021;978141740;DE338099472;1;585S1QK;"Apple MacBook Air 13.3"" 2020 M1/8/256GB SSD 7C GPU Space Grau MGN63D/A";Apple MacBook Air;387131282;07.07.2021;MZC0DZ5G47;CCE83137H4;303;303;2;304;58;362;290386
Anton;Labude;Gellertstra·e;27;71560;Sulzbach an der Murr;Deutschland;53W103372722;DULL19895989;18.12.2020;216731694;DE48215034;1;551K8NG;"Apple MacBook Air Ret. 13"" (2020)";Apple MacBook Air;434104177;24.12.2020;VXA1KE1Z70;PGY8378T3;17;17;8;24;5;29;8506887
Kathrin;Oberdieck;Neltestra·e;6;72213;Altensteig;Deutschland;64F881201636;QQRT59815531;30.10.2021;240761372;DE873006298;1;349L4BK;"Apple MacBook Air Ret. 13"" (2020)";Apple MacBook Air;886013259;08.11.2021;WYE2DW7R83;RFW18513C4;67;67;2;69;13;82;6371516
Luise;Abas;Friedenstra·e;6;68753;WaghÑusel;Deutschland;22W544422292;TZDZ47551766;21.01.2021;536288878;DE868662531;1;722O1IQ;"Apple MacBook Air 13.3"" 2020 M1/16/512GB SSD 8C GPU Space Grau BTO";Apple MacBook Air;967200492;29.01.2021;VJL0FP4F76;AZZ40361L6;1;1;0;1;0;1;1908992
Paul;Labsch;BÑrdorfer Zeile;65;71546;Aspach bei Backnang;Deutschland;76V807746335;KVCB21689634;08.05.2021;39605194;DE951223354;2;232V0IY;"Apple MacBook Air Retina 13"" (2020)";Apple MacBook Air;714929701;14.05.2021;MHS1CH0M36;CQA82946J2;5;10;0;10;2;12;1304340
Ulas;Jackl;Dornbrunner Stra·e;51;72369;Zimmern unter der Burg;Deutschland;68C247720677;KCPS8638540;02.04.2021;402508201;DE306986683;1;44U0HZ;Neues AngebotNotebook Laptop HP 17-cn0622ng schwarz 256 GB SSD 17.3 Zoll HD+ Windows 10 Home ;Notebook Laptop HP 17;958592725;09.04.2021;XTX9MW4V97;YGP67606F9;4;4;0;4;1;5;3293158
Tizian;Jachtmann;Wilhelm-Ostwald-Stra·e;5;72351;Geislingen (Zollernalbkreis);Deutschland;33B371529325;OZYS77676737;18.12.2020;987864303;DE501631382;1;956T8IC;"MEDION E13203 Notebook Laptop 33.7cm/13.3"" Full HD Intel N5030 128GB SSD 4GB RAM";MEDION E13203 Notebook Laptop;498392235;21.12.2020;HOO4HA6S99;UWN6217F9;2;2;1;3;1;3;3439078
Mattes;Saager;Freystadter Weg;12;72532;Gomadingen;Deutschland;87Z297575016;MCWW13451983;01.10.2021;178393362;DE553453936;1;474S4AD;"Apple MacBook Air 13.3"" 2020 M1/8/256GB SSD 7C GPU Silber MGN93D/A";Apple MacBook Air;193547775;09.10.2021;HRK5CD8K17;ITW61651Y0;76;76;1;77;15;91;6571696
Jutta;Oberbauer;Hackenbergstra·e;1;72810;Gomaringen;Deutschland;57L884678222;YTBY6704166;12.11.2021;995242470;DE995284139;1;361P7OT;Samsung NP345X Galaxy Book Go LTE 14'' 4GB 128GB Schul- & Business Notebook PC;Samsung NP345X Galaxy Book;859765849;13.11.2021;PYI2KK7F16;XZU24269B4;126;126;0;126;24;150;693464
Ethan;Macedo;Dîrpfeldstra·e;6;72361;Hausen am Tann;Deutschland;51F760815124;JLNU49697241;30.11.2021;570993088;DE856583835;1;855R2IJ;"Apple MacBook Air Retina 13"" (2020)";Apple MacBook Air;512149600;07.12.2021;ASG8XR0M5;PYI12409E3;11;11;3;14;3;17;8119818
Ronina;Haase;Silberberger Stra·e;65;68782;BrÅhl (Baden);Deutschland;63S464558499;UUXG7487609;19.09.2021;864068525;DE36708602;1;784D8YO;HP Notebook 15.6 Zoll AMD Ryzen 5 5500U @4GHz 8GB DDR4 512GB m2 SSD FullHD Win10;HP Notebook 15.6 Zoll;559163997;20.09.2021;SIJ6KT2F3;JCK33655T0;3;3;2;4;1;5;143776
Lion;Gaebel;Altheider Stra·e;7;72519;Veringenstadt;Deutschland;69X499797780;RFJR76300992;18.09.2021;1708283;DE535336382;2;141L1JG;HP 17-cp0617ng schwarz Notebook 17.3 Zoll 8GB RAM 1TB SSD Windows 10;HP 17-cp0617ng;707769111;22.09.2021;QSI5HD0F67;MKC10351A2;3;7;6;13;2;15;5328463
Ari;Bachor;Hauptweg;23;72358;Dormettingen;Deutschland;50I845974588;TIGT21729731;10.01.2021;200010133;DE106838013;1;350T1DT;"Apple MacBook Air M1 2020 13.3"" 8GB RAM 256GB SSD MGN63D/A. NEU Sonstige";Apple MacBook Air M1;37768302;17.01.2021;RWM8WG9E37;SNY52347A4;3;3;2;5;1;6;8393864
Obbo;Idczak;Freystadter Weg;8;71691;Freiberg am Neckar;Deutschland;60V115058341;QYXT26191014;08.04.2021;446621956;DE951773423;1;786J2ZZ;Neues AngebotTechbite Arc Slim 13.3 Full HD Notebook mit Touchscreen;Neues AngebotTechbite Arc;868924952;09.04.2021;YGF0AN2P67;QST29075T1;3;3;2;5;1;5;63858
Rabea;Haars;Richard-WillstÑtter-Stra·e;8;68753;WaghÑusel;Deutschland;74D684268387;GQTE89942043;13.09.2021;519397742;DE643948381;2;807B5XI;HP Envy X360 15-eu0556ng 15.6Zoll Convertible Notebook Tablet 512GB 16GB Ram NEU;HP Envy X;529655153;22.09.2021;AVT7NH3W86;WDO99222R1;3;7;8;14;3;17;5268328
Laura;Ebbighausen;Hollstra·e;25;71229;Leonberg (WÅrttemberg);Deutschland;70U791921581;GJOW55763888;19.01.2021;867193682;DE350453751;1;973I9DZ;Lenovo ThinkPad X380 Yoga I7-8550U 512GB NVMe SSD 16GB RAM Windows 11 Pro;Pad X380 Yoga I7;930748733;24.01.2021;GFK0HN8Q48;SJJ95949Z7;168;168;0;168;32;200;5346651
Dewis;Caiazzo;KGA Am Teltowkanal III;2;72539;Pfronstetten;Deutschland;7B576009337;PYDA65402663;21.12.2020;248736806;DE169808023;1;238W4ZR;BESTSELLER  DELL LAPTOP LATITUDE NOTEBOOK  14.1 2.6GHz 320GB 4GB WIFI BT WIN10;BESTSELLER  DELL LAPTOP;438641577;27.12.2020;LLV5ZD5S84;COX49466B5;42;42;0;42;8;50;6471731
Marlene;Ebenberger;Kîpenicker Stra·e;1;71384;Weinstadt;Deutschland;23Q380943198;IGNF96546712;19.11.2021;215057092;DE92350190;1;607L2TY;LENOVO ThinkPad X260 Intel Core i7 6. Gen 2.60GHz 8GB 256GB SSD 12.5 Zoll FHD ;LENOVO ThinkPad X;364299855;27.11.2021;AWV5EJ4I69;RLC36064B8;3;3;5;8;2;10;4664274
Kiki;Oberdîrster;Florian-Geyer-Stra·e;65;72221;Haiterbach;Deutschland;29E112626893;BAUN63565738;15.11.2021;147336352;DE283195613;1;531E3XS;Notebook Lenovo IdeaPad 3 14ADA05. AMD 3020e. 4GB RAM. 128GB SSD. Windows 10 S;Notebook Lenovo IdeaPad 3;383541183;16.11.2021;PPH1EW4A77;NAS43601X0;3;3;2;5;1;6;5072947
Benita;Kacan;Selchowstra·e;27;69168;Wiesloch;Deutschland;79F36209250;QMKO54706556;01.01.2021;274436076;DE334565641;1;926O2OL;HP Laptop 15.6 - Intel 2.40 GHz - 8GB - 480GB SSD - USB 3.0 - HDMI - Win10 Prof;HP Laptop 15.6 - Intel;14180408;05.01.2021;NIZ3ZB1P84;MDU59327N6;8;8;2;10;2;12;4621329
Nova;Haack;Helbigstra·e;48;72649;Wolfschlugen;Deutschland;16O695728466;ZWCT91514909;07.12.2021;148525570;DE453414315;1;403E8RJ;"Notebook HP 255 G8 15.6"". AMD Ryzen 5 5500U. 8GB. 512GB SSD. mit Windows 11 Upd.";Notebook HP 255 G;100261529;15.12.2021;SCK8JM8N7;OHV33891Q9;67;67;0;67;13;80;2472886
Hanno;Pacheco;Zinsgutstra·e;9;72649;Wolfschlugen;Deutschland;3W300011116;GVID63456266;05.08.2021;218198006;DE812376771;1;482P4SN;Neues AngebotSamsung Galaxy Book Pro 360 5G 13.3 Zoll i7 16GB 512GB SSD Win11 Mystic Silver;Neues AngebotSamsung Galaxy Book;994398086;05.08.2021;JAC8MG5L25;ZTC4278V3;3;3;1;4;1;5;8197238
Erik;Macchia;Vogelbeerstra·e;2;72356;Dautmergen;Deutschland;87H437097920;ZFHR82613477;04.04.2021;286630178;DE281283298;1;826B8YP;"Acer Chromebook 315 (CB315-3H-C9GC) 15.6"" Full HD . Intel Celeron N4020. 4GB";Acer Chromebook 315 (CB;859573250;06.04.2021;QAD9CH6J36;RQQ84057S9;3;3;2;5;1;5;5064196
Hagar;Pachl;Erich-Thilo-Stra·e;65;72658;Bempflingen;Deutschland;82M11048412;GHHU89907677;30.12.2020;294087004;DE591822359;1;103Q1PV;Acer Chromebook 314 CB314-1H 14 Zoll Chromebook Notebook Laptop 4GB 64GB QWERTZ;Acer Chromebook 314 CB;154791649;05.01.2021;AVJ0TL8Y34;CTS44830P6;3;3;0;3;1;4;9784757
Leni;Oberhofer;Friedlander Stra·e;8;72361;Hausen am Tann;Deutschland;40Q856896078;GZPD87482795;18.09.2021;939587483;DE564054501;1;641K3ZG;"Lenovo IdeaPad Duet 10.1"" 64GB Table Notebook Chromebook Laptop 4GB QWERTZ";Lenovo IdeaPad Duet;538040760;19.09.2021;DTP7DS3R86;AWA10589O5;3;3;0;3;1;4;728031
Flora;Abdallah;Husstra·e;98;69226;Nu·loch;Deutschland;64Q339892009;BOUD50401812;22.10.2021;183370229;DE990146771;1;793W9RN;"Notebook HP 255 G8 15.6"". AMD Ryzen 5 5500U. 8GB RAM. 512GB SSD. ohne Windows";"Notebook HP 255 G8 15.6"". AMD";916386362;24.10.2021;ASO4QT2B1;YOP71813D6;25;25;0;25;5;30;7204867
Kim;Oberender;Hauptweg;28;72250;Freudenstadt;Deutschland;91U41818822;IEBC84058461;07.05.2021;28908015;DE576056445;1;773B8XQ;"15.6"" Difinity Notebook Intel Quadcore 4x2.20GHz 8GB DDR4 256GB SSD Windows 10";"15.6"" Difinity Notebook Intel";195236895;16.05.2021;XFQ6UX0G60;RYT98418R9;8;8;2;10;2;12;4759023
Sila;Habbel;Barbara-McClintock-Stra·e;26;69214;Eppelheim;Deutschland;13L857714075;ZNSR19754050;29.10.2021;561162747;DE43445503;1;141K4DM;"Neues AngebotLenovo Chromebook C340 (15"") wie neu - 128GB - Mit OVP und Rechnung 06/20";Neues AngebotLenovo Chromebook C340;262330206;30.10.2021;TNB4VN7S17;TXC37103Q5;2;2;0;2;0;2;2044261
Nika;Haacke;Hollstra·e;9;72654;Neckartenzlingen;Deutschland;65X196093184;THZI72290588;24.12.2020;698200646;DE807095925;1;521K5HY;ACER Chromebook C720 Intel Dualcore 4GB 16GB SSD USB 3.0 11.6 Zoll US-Tastatur ;ACER Chromebook C720 Intel;785050272;25.12.2020;AEQ6MV3L87;PSW92442W8;84;84;2;86;16;102;6993120
Liam;Laborenz;Adlergestell;28;71522;Backnang;Deutschland;70H818101472;PROS80703181;08.08.2021;379253600;DE892864491;3;769F5UX;Neues AngebotRazer Blade 15 Advanced Model 15.6 Zoll i7-10875H 2.3GHz 32GB RAM - Wie neu;Neues AngebotRazer Blade 15;844332013;08.08.2021;IEH5OR9L95;ZKS67477N6;11;33;0;33;6;39;7440458
Kiara;DÑppen;Florian-Geyer-Stra·e;2;69493;Hirschberg an der Bergstra·e;Deutschland;17P638558681;WDNU76650088;07.09.2021;993325527;DE376363358;1;647V5QF;"Apple MacBook Pro 13.3"" 2020 M1/16/512 GB Space Grau BTO";Apple MacBook Pro;428023415;16.09.2021;WDH2XG2R60;SUF13622Y7;101;101;0;101;19;120;4357779
Josephine;Dado;Heidekampweg;5;69221;Dossenheim;Deutschland;65B374995326;WHWT73287514;01.02.2021;713614546;DE747358928;1;598C3GR;"Apple MacBook Air 13"" 1.6GHz i5 8GB RAM 128GB SSD MJVE2D Apple Fachh«œndler";"Apple MacBook Air 13""";71116598;01.02.2021;APD4WK9B75;TUN19883E6;2;2;0;2;0;2;1326047
Harry;Ebrahimi;Chris-Gueffroy-Allee;25;72181;Starzach;Deutschland;12Q181144949;ICSS49812329;08.09.2021;993533019;DE159660753;1;602Z9NB;HP 255 G7 (214F1ES) 39.6cm (15.6 Zoll) Full HD Notebook 1TB+8GB Win10 AMD Laptop;F1ES) 39.6cm (15.6 Zoll) Full HD Notebook 1TB+8GB Win10 AMD Laptop;470012216;17.09.2021;XGD6FZ4I65;MFU50917J5;3;3;8;10;2;12;1594020
Peter;Idrizaj;Nipkowstra·e;3;71735;Eberdingen;Deutschland;88V506220804;QWXT20942630;30.08.2021;167735227;DE985166920;1;934T2LO;"HP EliteBook X360 1030 G2 Convertible 13"" FHD i5-7300U 8GB DDR4 500GB SSD 4G/LTE";HP EliteBook X;896270565;01.09.2021;JQY1FW0D88;AIY13120H1;28;28;8;35;7;42;3204001
Adam;Labuske;Husstra·e;8;71577;Gro·erlach;Deutschland;7S503048576;GILW91744190;13.10.2021;256429507;DE342801658;2;352F9YP;Notebook Lenovo AMD DualCore 2.6GHz - 4GB RAM DDR4 - 256GB SSD Radeon HD Grafik;AMD DualCore 2.6GHz - 4GB RAM DDR4 ;685207459;18.10.2021;AHQ0QY7J75;WEQ15989K6;50;101;1;102;19;121;9813632
Owen;Icîz;Eigenheimgasse;6;71686;Remseck am Neckar;Deutschland;92A79669734;GQLZ24324109;04.11.2021;389809403;DE245073842;1;959D3PS;Neues AngebotAcer Predator Helios 300 ph317-52;Neues AngebotAcer Predator;675094285;05.11.2021;MDF2HS5W22;RQV17850E4;14;14;2;16;3;19;4004069
Judith;Daeuber;Hackenbergstra·e;84;71088;Holzgerlingen;Deutschland;33I970152234;JPVT86978602;07.01.2021;344914152;DE131402252;1;846N3SG;Neues AngebotAcer Chromebook Spin 513 (neu. Garantie);Neues AngebotAcer Chromebook;659204341;12.01.2021;QPC8ER5T62;VFL55541F1;2;2;0;2;0;2;741967
GÅnter;Paas;Justus-von-Liebig-Stra·e;12;72535;Heroldstatt;Deutschland;88W758027825;SQKC28112819;14.06.2021;23466804;DE315216503;1;907W8XF;"ASUS VivoBook R521UA-EJ091T / 15.6"" FHD / i3-7020U / 8GB / 512GB SSD / Win10 ";ASUS VivoBook R;703077663;20.06.2021;PFF8AB8S49;IRA26139M4;34;34;0;34;6;40;5102112
Delia;Kadel;Thelenstra·e;95;69434;Heddesbach;Deutschland;61E270531929;OBSM26046405;25.10.2021;85789319;DE361875107;1;861V5ZL;"Lenovo ThinkPad X240 12.5"" Notebook Intel i7 4600U 8GB RAM 256 GB SSD Win 10 PRO";"Lenovo ThinkPad X240 12.5""";484449949;27.10.2021;JEV8YL7F5;NZS91051R8;51;51;4;55;10;66;8950209
Lion;Quadbeck;Hoffmannstra·e;26;72510;Stetten am kalten Markt;Deutschland;20C844628587;IDQD95488647;30.07.2021;545100387;DE895575660;1;84X5SE;Acer Ultra Gaming Notebook 17.3 i7 10510U 4.9GHz 20GB 1TB SSD Geforce MX250 DDR5;Acer Ultra Gaming;862607005;02.08.2021;IUZ1OW3U84;ABK25379F1;50;50;0;50;10;60;4863382
Jan;Packert;KGA Holunderbusch;1;72218;Wildberg (Schwarzwald);Deutschland;94U381787563;JEYD80926353;29.08.2021;552275018;DE69904345;2;30C7JY;"Lenovo IdeaPad 3 Chromebook 14IGL 82C1000RGE 14""FHD N4200 4GB/64GB eMMC ChromeOS";Lenovo IdeaPad 3 Chromebook;934242285;05.09.2021;NRA8KB9U13;PGT23352J6;126;252;1;253;48;301;6013177
Zamira;Ibishi;Friedenstra·e;4;71292;Friolzheim;Deutschland;9C301610106;PWHM3028683;29.10.2021;7790119;DE751840481;1;844Y6LV;"HP 255 G7 15"" Notebook + D2 ALLNET- & SMS-FLAT + 15 GB LTE f. 29.99 EUR mtl";Notebook + D2 ALLNET- & SMS;697952722;03.11.2021;JQF0ZQ0G30;KJU80353L1;50;50;0;50;10;60;2381042
Baldur;Bacic;Anna-Seghers-Stra·e;4;72367;Weilen unter den Rinnen;Deutschland;9U510374674;PYNG12331644;04.06.2021;61241825;DE344959415;1;769K9PQ;HP ENVY X360 13-ay0655ng (Ryzen 7 4700U. 16 GB RAM. 1 TB SSD. AMD Radeon. Touch);HP ENVY X360 13-ay0655ng;279757206;11.06.2021;JMR1ON6W12;PHO6542I8;1;1;0;1;0;1;8266959
Andrea;Aberer;Selchowstra·e;48;71144;Steinenbronn;Deutschland;19S508710133;OKNK39993566;31.03.2021;477875883;DE579870422;1;97M0QA;"Lenovo Yoga Slim 7 82A2005SGE - 14"" FHD IPS. AMD Ryzen 5 4500U. 8GB RAM. 512GB";Lenovo Yoga Slim 7;851604316;07.04.2021;DKJ7JG6Q97;XSC82348A8;3;3;0;3;1;4;3158363
Alexander;Labudda;Friedenstra·e;5;71554;Weissach im Tal;Deutschland;95E660579485;MMEH10326942;15.11.2021;411822949;DE446086057;1;249G4SU;HP 255 G8 Notebook 15.6 Zoll AMD Ryzen 5 5500U 8GB DDR4 512GB m.2 SSD Windows 11;HP 255 G8 Notebook;188438246;21.11.2021;SCD4FZ7I70;NQF56618L2;101;101;3;104;20;124;2998041
Nika;Ibric;Altheider Stra·e;65;71409;Schwaikheim;Deutschland;55P61145739;SMHJ25215333;31.01.2021;675792369;DE219389771;1;376U1DI;Acer TravelMate 4070 Nr.55 als Ersatzteil/Defekt;Acer TravelMate 4070 Nr;930306947;06.02.2021;FGA0IF9D42;XAB92879L9;76;76;0;76;14;90;2759900
Oda;Haaf;Moissistra·e;62;72657;Altenriet;Deutschland;55B936040136;VGTN77448432;23.05.2021;693122641;DE624249473;1;67J1IP;toshiba PSAA8E als Ersatzteil/Defekt Nr. 13;toshiba PSAA8E;67511049;27.05.2021;CBR8ER0K95;VFZ93831R9;126;126;2;128;24;152;6028142
Jonna;DÑhnert;Friedenstra·e;7;69256;Mauer (Baden);Deutschland;25W380453270;CULJ43046228;12.07.2021;566399629;DE302865492;1;492F7TL;Toshiba PS605E- 00004- GR Nr.20 als Ersatzteil/Defekt;Toshiba PS605E;12315014;13.07.2021;EQR9SU8U36;TIF51103I5;4;4;0;4;1;5;9412740
Fabrizia;Calcagno;Magnusstra·e;2;72669;Unterensingen;Deutschland;35S159925267;FMPG49434321;26.06.2021;620410423;DE29862677;1;716Q9US;Hyrican 8050 als Ersatzteil/Defekt Nr. 3;Hyrican 8050 als Ersatzteil;285296260;03.07.2021;SOM3PF0W31;WCI70082X0;11;11;0;11;2;13;5476488
Justyna;Oberauer;Genossenschaftsstra·e;8;72805;Lichtenstein (WÅrttemberg);Deutschland;49J725835502;ZMVI52966269;07.11.2021;414687531;DE72243924;1;676D9LY;Notebook HP AMD Ryzen5 5500 6-Kern 4GHz 16GB 1TB SSD AMD Radeon Windows 11 Pro;AMD Ryzen5 5500 6;458450265;09.11.2021;OKR2IS6E80;UGF88647B5;420;420;0;420;80;500;4023159
Luna;Oberkofler;Kîpenicker Stra·e;9;72379;Hechingen;Deutschland;22G802085328;SMUN36962555;04.12.2021;245772900;DE30565076;1;834L8AO;ASUS L8400 als Ersatzteil/Defekt Nr. 45;ASUS L8400 als;519542798;08.12.2021;EJV0TO5W40;HKL75624I3;11;11;6;17;3;20;7887563
Bentje;Baacke;Justus-von-Liebig-Stra·e;12;71272;Renningen;Deutschland;87Y49540745;CGEH32193453;11.06.2021;338667363;DE539956451;1;180G0BV;"Neues AngebotHP EliteBook 850 G7 Laptop 15.6"" Core i5-10310U Touch 475GB 16GB Garantie bis 23";Neues AngebotHP EliteBook;211868749;11.06.2021;AHK9BF5W98;RYZ75007R0;5;5;0;5;1;6;500302
Maxim;Saal;Glienicker Weg;17;72537;Mehrstetten;Deutschland;55J772153683;BKBY19343308;18.09.2021;176149926;DE420467479;1;925E0EQ;"HP Chromebook x360 14a-ca0005ng 14"" FHD IPS Touch. Intel N4020. 4GB RAM. 64GB";HP Chromebook x360 14a-ca0005ng;523064646;25.09.2021;RVH7CV3B89;WDS68901X8;67;67;0;67;13;80;5224339
Andreas;Lacher;Genossenschaftsstra·e;2;71711;Murr;Deutschland;4L489420461;FMNG21070099;28.10.2021;632861687;DE65905631;2;629K7SF;"Neues AngebotNOTEBOOK LENOVO THINKPAD X1 CARBON G5 i5-7200U 8GB 256GB SSD 14"" FHD WIN 10 HOME";Neues AngebotNOTEBOOK LENOVO THINKPAD;79820014;02.11.2021;VST1BW3P33;FEJ50936T4;126;252;0;252;48;300;7193265
Kristian;PÑckert;Bohrauer Pfad;25;72367;Weilen unter den Rinnen;Deutschland;40E312304245;MDBE15056350;12.01.2021;798463256;DE217710891;1;334H1AX;Neues AngebotNOTEBOOK FUJITSU LIFEBOOK U757 CORE i5-7200U 8GB 256GB SSD WLAN 4G WIN 10 PRO;NOTEBOOK FUJITSU LIFEBOOK U757 CORE i5;703215280;20.01.2021;LGB3RT1G47;AWR9947N6;17;17;2;18;4;22;9924064
Bastian;Caballero;Handjerystra·e;51;72415;Grosselfingen;Deutschland;69Y446559979;RALP90077008;10.01.2021;42508879;DE707789402;1;754T9YW;"Lenovo V15 Notebook 15.6"" AMD 3020E @2.6GHz 4-16GB DDR4 256GB-2TB SSD HD Win 10";Lenovo V15 Notebook;272890223;13.01.2021;BDZ7DT2Q18;FWV77948V3;2;2;0;2;0;2;6156527
Jean;Ober;BÑrdorfer Zeile;84;72667;Schlaitdorf;Deutschland;47U942241415;GDRM2722718;10.12.2021;323292127;DE170940877;2;709U9DV;Notebook HP AMD Ryzen 5 5500 6-Kern 4GHz 32GB 1TB SSD AMD Radeon Windows 10 Pro;Notebook HP AMD Ryzen;690820173;14.12.2021;CXG0QT7K60;WQQ5058O8;42;84;0;84;16;100;6010577
Theodor;Jablonski;Silberberger Stra·e;12;72226;Simmersfeld;Deutschland;88I423349975;KCXA66870458;14.11.2021;809651995;DE551731236;2;965D6TU;"MEDION Akoya E15303 15.6"" Full-HD. AMD Ryzen 5-4500U. 16GB DDR4 RAM. 512GB M.2";MEDION Akoya E;718491431;22.11.2021;ZMD7IL9S78;DTA60442P1;67;134;0;134;26;160;919522
Fynn;Eberherr;Vogelbeerstra·e;28;71563;Affalterbach;Deutschland;72M950790432;KUQE19279849;13.09.2021;347294445;DE991126067;1;70H9AE;hp T18N040.00 als Ersatzteil/Defekt Nr. 16;hp T18N;352504205;13.09.2021;OSG1IF1I42;FFI74831V8;5;5;0;5;1;6;2492890
Caecilia;Baam;Rudower Chaussee;84;71364;Winnenden;Deutschland;52E750413839;SCSI33021355;08.12.2021;831180715;DE532817596;4;579C2RP;DELL PP13S als Ersatzteil/Defekt Nr. 51;DELL PP13S;900575472;15.12.2021;UKL1PE3B82;MOM64646R8;50;202;1;203;39;242;9399004
Christiane;Baak;Ernst-Lau-Stra·e;26;71287;Weissach;Deutschland;5T499449397;JQTB57017621;06.10.2021;145590954;DE354673578;1;615W8OD;DELL PP05XA als Ersatzteil/Defekt Nr. 34;DELL PP05XA;36989186;13.10.2021;TVA7IK6I15;NXL34979Z3;17;17;2;18;4;22;2964946
Gwen;Machinek;Agavensteig;1;72514;Inzigkofen;Deutschland;1S999256599;ZCNE90384701;18.10.2021;828278668;DE992253932;2;132P5GZ;HP omnibook XE3 als Ersatzteil/Defekt Nr. 48;HP omnibook XE;875623589;18.10.2021;HSP7YD6W1;ZBF60531W4;168;336;0;336;64;400;6658962
Berit;Baack;Albert-Einstein-Stra·e;61;71263;Weil der Stadt;Deutschland;79D958781300;YWGY74897011;02.11.2021;168041353;DE802312163;1;446W2ZW;"HP 255 G7 214L9ES 15.6"" FHD. AMD Athlon 3050U Dual-Core. 8GB RAM. 256GB SSD.";HP 255 G7 214L;595330429;05.11.2021;NBC3YZ2Z54;XBF35711B3;6;6;0;6;1;7;5620598
Anette;Abdullah;Moissistra·e;2;69437;Neckargerach;Deutschland;66A152354407;HFUZ89062813;17.07.2021;464380104;DE590956252;1;804T9AJ;xeron B750 Nr.123 als Ersatzteil/Defekt;xeron B750 Nr;492934537;24.07.2021;DFC4BH3V40;XWB34420U0;67;67;3;70;13;84;2477849
Klara;Oberbichler;Husstra·e;9;72820;SonnenbÅhl;Deutschland;50V196011912;LEAW78759367;27.05.2021;485070854;DE365761500;1;666H1NL;"HP G7 15.6"" Notebook AMD 8GB 256GB SSD Full HD DVD-RW Win10 Pro Offcie W-Lan";"HP G7 15.6"" Notebook";754654325;04.06.2021;ZYO9UO6S36;OQQ11652W6;84;84;0;84;16;100;4943088
Dag;Cagla;Otto-Franke-Stra·e;1;72525;MÅnsingen (WÅrttemberg);Deutschland;20D885194797;KJOU1775410;17.06.2021;207240260;DE333916390;2;801G5FQ;Neues AngebotHP 17-CN0365NG Notebook. 17.3 Zoll. i7. 8GB RAM. 512GB SSD. Intel Iris Xe Grafik;HP 17;379251475;20.06.2021;EVG2FS9Z73;YXN44985Z9;84;168;1;169;32;202;6611055
Eliot;Cakici;Ernst-Lau-Stra·e;1;72631;Aichtal;Deutschland;10E397966223;GXWE37291703;25.05.2021;295006555;DE563196113;1;502M8ND;Apple MacBook Air (M1. 2020) MGN93D/A Silber Apple M1 Chip mit 8-Core CPU. 8GB;Apple MacBook Air (M1.;618119658;03.06.2021;RQG5ER1Y52;ERL71881H4;2;2;4;6;1;7;1397041
Heike;Dabow;Felsenfest;8;68723;Plankstadt;Deutschland;49V175263196;BZTK58518386;19.09.2021;894033949;DE30109661;1;730B8TC;Neues AngebotAcer Aspire ES1-512  gebraucht 15.5 Zoll 256GB SSD 8GB Ram;Neues AngebotAcer Aspire;715484870;23.09.2021;DCF2RF8Z81;PEG88662B4;42;42;6;48;9;58;4870322
Miriam;Ebensperger;Radickestra·e;6;71522;Backnang;Deutschland;10T737105094;AVDB48991660;09.12.2021;84920436;DE618252432;1;354J3UW;"Lenovo IdeaPad 1 81VU00A4GE - 14"" FHD IPS. Intel Celeron N4020. 4GB RAM. 128GB";Lenovo IdeaPad 1 81VU00A4GE;119561496;17.12.2021;QLK0BR5I61;NNW73106B6;5;5;2;7;1;9;6746760
Dario;Maa·;Kîpenicker Stra·e;26;72224;Ebhausen;Deutschland;85L923868828;TFGC71198441;17.06.2021;185418581;DE499079092;3;412Y2VL;HP 14 Zoll Notebook 14s-fq0206ng 4GB RAM 64GB eMMC AMD Athlon USB-C wei«? B-WARE;HP 14 Zoll Notebook;382452252;19.06.2021;XIM7BZ4V31;MZI47436N7;2;5;0;5;1;6;7469677
Bamika;Kache;KGA Am Teltowkanal III;25;69190;Walldorf (Baden);Deutschland;82E933079205;TDQT53946333;13.04.2021;787008312;DE409447751;1;521T0NP;Lenovo V15 G2 ITL Intel i5-1135G7 @4.2GHz 8-24GB DDR4 512GB-2TB SSD Win10 Laptop;Lenovo V15 G;501011777;13.04.2021;TCU1UM9O74;UKU76850J5;2;2;2;4;1;5;6444891
Henri;Ebertz;Thelenstra·e;9;71732;Tamm;Deutschland;0J225027731;LKMU24596745;21.06.2021;165019801;DE521310512;1;167X1BZ;"Neues AngebotSAMSUNG Galaxy Book Go LTE Notebook 13.97"" 700Series 4GB 128GB NEU&OVP";Neues AngebotSAMSUNG Galaxy;289859017;25.06.2021;SNE2IX6J91;RYM58077I4;76;76;0;76;14;90;588641
Caren;Baalmann;Richard-WillstÑtter-Stra·e;6;71299;Wimsheim;Deutschland;73D927483354;TOEY71214472;02.09.2021;284226065;DE264790238;1;76P3VE;"Acer Nitro 5 (AN515-55-55DJ) 15.6"" Full HD IPS. Intel i5-10300H . 8GB RAM.";Acer Nitro 5 (AN;527775519;02.09.2021;MSY3OM1X52;VHP30553W2;2;2;1;3;1;3;5464368
Jari;Padgett;Glanzstra·e;45;72348;Rosenfeld;Deutschland;30T301349485;YHKM26938000;06.11.2021;451705363;DE920920112;1;641A1HK;Fujitsu Siemens MA2216 als Ersatzteil/Defekt Nr. 49;Fujitsu Siemens MA;359824946;11.11.2021;UNA2KM2S83;SGW20162O2;25;25;0;25;5;30;2614088
Yunus;Jacquet;Heidekampweg;7;72514;Inzigkofen;Deutschland;51L767746814;PTEW91748550;05.09.2021;646503926;DE996129552;1;280X6BL;Lenovo ThinkPad X395 Touch Notebook Ryzen 7 3700U 16GB RAM 512GB SSD 13.3 Zoll;Lenovo ThinkPad X395 Touch;157682786;13.09.2021;XSD1OR8O41;CUX183B5;84;84;2;86;16;102;7817265
Dieter;Maatz;Radickestra·e;84;72296;Schopfloch (Schwarzwald);Deutschland;0M983467854;YTSE94719242;25.07.2021;558160050;DE619706693;1;613M9UB;Neues Angebot*TOP ZUSTAND* HP EliteBook 840 G5 i7-8550U 16GB NEUE 1TB SSD WIN10 WEBCAM FHD;TOP ZUSTAND* HP EliteBook 840 G5 i7;73225995;27.07.2021;OVO4AY9A76;ESL32371F6;1;1;3;4;1;5;2655023
Kadmos;PÑffgen;Florian-Geyer-Stra·e;4;72379;Hechingen;Deutschland;86D459567558;JIYJ47657562;23.12.2020;327464615;DE690675164;2;402C5DV;"Lenovo IdeaPad 5 82FE005NGE - 14"" FHD IPS. Intel i5-1135G7. 8GB RAM. 512GB";Lenovo IdeaPad 5 82FE;826863606;25.12.2020;PEY9RG2E92;MGI57702Q2;3;7;2;8;2;10;2323769
Lena;Oberhaus;BÅchnerweg;25;72356;Dautmergen;Deutschland;17U754947378;GQBA74475397;03.03.2021;383921712;DE869336879;1;345R7AK;Neues AngebotASUS FX706HC-HX007T Gamingbook. 17 Zoll. i5. 16GB RAM. 512GB SSD.GF RTX 3050;Neues AngebotASUS FX706HC-HX007T Gamingbook.;547839034;09.03.2021;WNT3WR8I59;ICN87580T5;3;3;0;3;1;4;548152
Edda;Abdalla;Hoffmannstra·e;9;69221;Dossenheim;Deutschland;31A685190608;LCWD56550891;13.01.2021;547534855;DE549337379;1;90T6HJ;"Acer Swift 1 (SF114-34-P6U1) - 14"" Full-HD IPS. Pentium N6000. 4GB RAM. 128GB";Acer Swift 1 (SF;190340252;14.01.2021;MKS3TM8W56;JRF10687G2;17;17;0;17;3;20;1512823
Freya;Baberowski;Dornbrunner Stra·e;29;71691;Freiberg am Neckar;Deutschland;90H669394723;OBFZ74769913;17.01.2021;896742200;DE217329083;2;194J8BH;LAPTOP 17 ZOLL ASUS F712 - INTEL CORE i7 - BIS 32GB RAM SSD + HDD - WINDOWS 11;ASUS F712 - INTEL CORE i7 - BIS 32GB RAM SSD + HDD ;809444959;23.01.2021;CRO1UY9S69;ODX4769Z6;2;3;1;4;1;5;1254385
Jona;Pacyna;Bodelschwinghstra·e;9;72229;Rohrdorf (Kreis Calw);Deutschland;16D671054879;PGCH46613612;15.05.2021;21719495;DE37684140;1;545Q7HB;ASUS Gaming Ryzen 7 5800H 8-Kern 4.4GHz RTX 3060 64GB RAM 1TB SSD WINDOWS 10;ASUS Gaming Ryzen;189507143;24.05.2021;YVA0DX4Z20;LMV48624N2;67;67;0;67;13;80;9001081
Louisa;OberhÑuser;Altheider Stra·e;5;72348;Rosenfeld;Deutschland;27W161661566;ONYA94926557;08.10.2021;396405238;DE472747589;1;130U7KP;"HP 255 G8 45R24ES 15.6"" FHD. Ryzen 7 5700U. 16GB RAM. 512GB SSD. Windows 10";HP 255 G8 45R;952247532;17.10.2021;WQN2TZ8K68;EQN73329B3;14;14;0;14;3;17;2007506
Juna;Oancea;Eschenbachstra·e;26;72639;Neuffen;Deutschland;51I33278530;UORQ2869089;20.10.2021;554065309;DE430135831;1;801Y7PO;MICROSOFT 13.5 Zoll Notebook Surface Laptop 4 256GB SSD Ryzen 5 platin B-Ware;MICROSOFT 13.5 Zoll Notebook;979281872;25.10.2021;QXT7QZ8X46;FGH20592T2;3;3;0;3;1;4;1919574
Hanna;Dabrowska;Frauenlobstra·e;1;68723;Schwetzingen;Deutschland;37O196985302;FFRZ77062064;06.03.2021;670108748;DE234432607;1;825P8DA;"Notebook ASUS F515MA-BQ549 15.6"". Celeron N4020. 4GB DDR4. 256GB. Win 10 Home";Notebook ASUS F;186287265;12.03.2021;EBO4FQ5Z48;YTV23037Y2;67;67;0;67;13;80;90708
Lena;Ebadi;Friedlander Stra·e;26;71149;Bondorf;Deutschland;73G529417574;HVKH41230106;08.10.2021;51137564;DE806066399;1;666C7SQ;"Notebook HP 15.6"" Pavilion Gaming. Ryzen 5 4600H. 8GB. 512GB. GTX1650. Win 10";"Notebook HP 15.6"" Pavilion";710277397;12.10.2021;BVQ6PO4A12;ZLK97071L0;84;84;1;85;16;102;9331627
Tardis;Habelt;Felsenfest;9;69254;Malsch bei Wiesloch;Deutschland;34E806019764;RSOL18027506;31.05.2021;138126617;DE297436757;2;437D4BV;"Panasonic Toughbook CF-C2 MK1 12.5"" HD Touch Intel Core i5 8GB RAM 256GB SSD #";Panasonic Toughbook CF;712168885;31.05.2021;UOZ0GG7M86;JDU20067F1;303;605;0;605;115;720;9744103
Coco;Baars;Silberberger Stra·e;6;71394;Kernen im Remstal;Deutschland;79K266782745;XDIM98183426;30.06.2021;527990705;DE135967466;1;310A6AE;"HP 17-cn0622ng Jet Black Notebook 17.3"" 8GB RAM 256GB SSD W10";HP 17-cn0622ng;736744791;02.07.2021;RVW0KP2E62;WAD55959F7;42;42;2;44;8;52;5604044
Karl;Labidi;Hohenbirker Weg;9;71394;Kernen im Remstal;Deutschland;11V96904129;FZWO66302886;14.10.2021;92198488;DE134651100;1;671T1SZ;"MSI Katana GF76 0017L2-260 17.3"" Full HD Gaming Notebook RTX 3050 Ti Intel SSD";MSI Katana GF76 0017L2-260;485303070;18.10.2021;LFR7KN3C83;MCW31058O4;5;5;2;7;1;9;8205770
Fabio;Calabria;Thelenstra·e;9;72660;Beuren bei NÅrtingen;Deutschland;49A932668170;QLKY62345299;02.02.2021;127772142;DE31186567;1;298X2HR;Neues AngebotNOTEBOOK 17 ZOLL LENOVO V17-G2 - INTEL DUAL CORE - SSD + HDD - WINDOWS 11 PRO;NOTEBOOK 17 ZOLL LENOVO V17-G2 - INTEL DUAL CORE - SSD + HDD ;652927762;08.02.2021;WCE7KY1Y26;YBT95132R3;3;3;0;3;1;4;5312517
Badi;Backert;Gemeinschaftsstra·e;8;72411;Bodelshausen;Deutschland;88Y409511227;XUNE2295718;18.07.2021;849620526;DE590068896;2;632Q0ZC;"Lenovo V15 Notebook 15.6"" Intel N4020 @2.8GHz 8GB DDR4 256GB-2TB SSD FHD Win10";Lenovo V15 Notebook;891666393;21.07.2021;RLF2KL7L90;OGJ5167O1;5;11;0;11;2;13;6827734
Catherina;Kaczor;Abram-Joffe-Stra·e;9;69245;Bammental;Deutschland;81A741033194;UHTB24861739;28.08.2021;884735155;DE872703561;2;134Y9AC;NOTEBOOK 17 ZOLL FULL HD HP 17-CN - CORE i5 - BIS 32GB RAM 2TB SSD - WINDOWS 11;NOTEBOOK 17 ZOLL FULL;152490947;30.08.2021;GSW3RD0G90;HPK13911W1;3;7;0;7;1;8;4108453
Coco;Kadar;Richard-WillstÑtter-Stra·e;6;69256;Mauer (Baden);Deutschland;83E633447870;SHPB14249001;20.07.2021;544715940;DE387160467;1;201W9TS;Neues AngebotASUS R754JA-AU305T Notebook. 17.3 Zoll. i7. 8GB RAM. 512GB SSD. Intel∂© UHD;ASUS R754JA;843921249;26.07.2021;ELY1JO3R29;FMH22146G9;28;28;0;28;5;33;4122279
Arzu;Abendroth;Rosenweg;14;71134;Aidlingen;Deutschland;23U70933584;QRPX77468040;09.10.2021;547734604;DE132741934;1;951O0MF;"Samsung Galaxy Book Mystic Silver - 15.6"" (39.62cm) FHD. Intel Core i5-1135G7.";Samsung Galaxy Book;890570402;17.10.2021;OPT3RJ6G68;IOV57918J8;17;17;0;17;3;20;8027871
Odett;Haagen;Radickestra·e;2;72663;Gro·bettlingen;Deutschland;44Z314444854;YALH96803618;12.02.2021;353498848;DE19903039;1;996U3WI;"Notebook ASUS S732EA-BX097 17.3"". Intel i3-1115G4. 8GB . 256GB M.2. Win10 Home";Notebook ASUS S;66435007;16.02.2021;MLL7GQ2P79;YJM58835S8;42;42;0;42;8;50;1712476
Benedikt;Baciu;Bernstadter Weg;8;72369;Zimmern unter der Burg;Deutschland;33X958178515;OVKK13899491;08.05.2021;669845716;DE537241793;2;279T1CQ;Notebook Lenovo ThinkPad X61 12.1Zoll Core2duo 2GHz 2Gb RAM 250Gb HDD Docking;Notebook Lenovo ThinkPad;778838603;09.05.2021;UUX1AR6E37;YEW24348F8;3;6;0;6;1;7;4223344
Felix;Labe;Eschenbachstra·e;9;71296;Heimsheim;Deutschland;3H874020030;TICH34179850;06.01.2021;292745235;DE458269030;1;917A5ZH;"Notebook Lenovo 14"". Core i3-1005G1. 8GB RAM. 256GB SSD. Windows 10 Home";"Notebook Lenovo 14"". Core";23720342;13.01.2021;INW8ND9Z11;NRM30724T2;3;3;0;3;1;4;4881168
Jîrn;Pader;Forsthausallee;6;72336;Balingen;Deutschland;55U41820608;UISQ90548730;25.02.2021;161609129;DE753541753;5;139E5BH;Roadinger Laptop Flight Case MB-15 Notebook Koffer 15 Zoll Silber Aluminium Alu;Roadinger Laptop Flight;554839762;02.03.2021;LJZ2BL8E42;TOR57941C8;34;168;0;168;32;200;5428478
Aglaia;Abdul;Glienicker Weg;3;69259;Wilhelmsfeld;Deutschland;19G626123762;VMOU93262396;09.05.2021;129645192;DE170953352;1;777C6SH;"Microsoft Surface Laptop 4 15"" 512GB mit AMD Ryzen 7 & 16GB RAM - schwarz";Microsoft Surface Laptop 4;21206341;14.05.2021;SCA2RJ3O19;YRI91903G0;126;126;0;126;24;150;4338345
Kylan;Paech;Arndtstra·e;14;72365;Ratshausen;Deutschland;98T376393438;KTAN15256157;06.09.2021;418530529;DE253800448;1;494D5CM;Fujitsu LIFEBOOK A3510 FHD i3-1005G1 8GB 256GB NVMe/Win10 Pro/MS Office -o. DVD;Fujitsu LIFEBOOK A;603791728;14.09.2021;YHC4ZB9B64;MNU60691A7;3;3;1;4;1;5;2547117
Annabelle;Abdulaziz;Helbigstra·e;7;69429;Waldbrunn (Odenwald);Deutschland;54X13831539;TGXE50622631;02.03.2021;322829090;DE804574333;1;445G8HO;"HP 250 G8 45R45ES 15.6"" FHD. Intel Celeron N4020. 8GB RAM. 256GB SSD. Windows 10";HP 250 G8 45R;189850671;10.03.2021;HQG7SU4L21;ANW81878X9;76;76;0;76;14;90;5670826
Harun;Pachtmann;Bergaustra·e;98;72669;Unterensingen;Deutschland;69B451548857;ZDFE11002027;03.12.2021;281730713;DE379382001;1;4B8WS;"Lenovo ThinkBook 15 G2 ARE 20VG / Ryz. 5 4500U / 8GB / 256GB SSD / 15"" / Win10P";Lenovo ThinkBook 15 G;12403940;11.12.2021;AZS1JF0W71;KWO19497S8;3;3;0;3;1;4;1515053
Klara;DÑnzer;BÑrdorfer Zeile;9;69469;Weinheim (Bergstra·e);Deutschland;20U410269538;SEJO29405605;31.07.2021;344792222;DE533756113;1;413H1MH;"HP 17-cp0155ng 17.3"" FHD IPS. Ryzen 5 5500U. 16GB RAM. 512GB SSD. Windows 11";HP 17-cp0155ng;652658678;09.08.2021;FYR6EG0K60;KWT35985O0;51;51;0;51;10;61;452982
Fabiola;Calandra;Carl-Scheele-Stra·e;15;72667;Schlaitdorf;Deutschland;46N779188189;NIPJ45567045;28.11.2021;329241447;DE53595694;1;754Q9BM;"Neues AngebotLenovo ThinkPad E490 14"" / 512GB+1024GB SSD / Intel i5-8265U / 16GB / Garantie! ";Lenovo ThinkPad E490;981216408;06.12.2021;UBL7MG7J0;OQP39386E6;28;28;0;28;5;33;4265238
Giulio;Eberth;Silberberger Stra·e;7;71726;Benningen am Neckar;Deutschland;7C901973385;INVO38195250;07.01.2021;503029967;DE195618250;2;747J9VH;"Neues AngebotHP ZBook Fury 17 G7 Core i7-10850H 2.7GHz 17.3"" FHD 64GB RAM NVIDIA RTX 5000";Neues AngebotHP ZBook;567868897;13.01.2021;RDE2LX7X29;ISM6144Z4;126;252;0;252;48;300;1878763
Kadmos;Gabrysch;Hackenbergstra·e;64;72415;Grosselfingen;Deutschland;41H908830019;XEAN54165992;30.08.2021;164850033;DE769002078;3;192N2OV;Notebook Acer Spin 3 SP314-21-R408 14 Zoll NEU & OVP;Notebook Acer Spin;494210591;31.08.2021;BHH9IB8D13;DAT51546S7;17;50;2;52;10;62;6277480
Ira;Dacic;Dammweg;64;69151;NeckargemÅnd;Deutschland;64J26319283;WCGE80091418;29.10.2021;36899551;DE645730697;1;371T1FJ;"ACER Swift 3 SF314-59-57AZ 14"" Full-HD i5-1135G7 SoC 16GB 512GB SSD Win 10 Home";ACER Swift 3 SF;508258773;03.11.2021;WZC1GM6I13;EFN45845V0;3;3;2;5;1;6;999456
Gabriel;Paape;WÅnschelburger Gang;15;72531;Hohenstein (WÅrttemberg);Deutschland;36Z142819046;WIRD70392711;21.10.2021;53978638;DE901960978;1;470S2DI;ASUS S513 AMD Ryzen5 4500 6Kern 4.0GHz 16GB RAM Radeon 512GB SSD + 1TB HDD WIN10;AMD Ryzen5 4500 6Kern;103984822;26.10.2021;CHA8FN3I54;ITV75165R3;3;3;0;3;1;4;8667115
Johannes;Bachleitner;Genossenschaftsstra·e;9;72224;Ebhausen;Deutschland;35X872795534;RHAZ73650904;03.08.2021;328676646;DE918546562;1;598F1SP;ASUS F515 Intel DualCore 2.8GHz 4GB RAM Intel UHD 256GB SSD Windows 10 Pro;ASUS F515 Intel DualCore;545250030;03.08.2021;HHI8YS2V42;SOM16929R6;126;126;2;128;24;152;4046101
Janis;Daemen;Genossenschaftsstra·e;9;69259;Wilhelmsfeld;Deutschland;90O139524209;TBSY15262226;16.10.2021;48043591;DE96472106;2;60D2UM;Lenovo Intel Dual Core 2.8 GHz 4GB RAM 512GB SSD Intel HD Grafik Windows 10 Pro;Lenovo Intel Dual Core;331779455;23.10.2021;GTW7LV3B93;DRC616D3;3;5;0;5;1;6;1303153
Wandy;Ibach;Bohrauer Pfad;15;71139;Ehningen;Deutschland;35Q415587002;YNZU1051192;12.11.2021;506893406;DE458515351;1;881E8TE;"Lenovo Thinkpad Yoga 370 13.3"" TOUCHSCREEN i5-7300U 2.6GHz 8GB 256GB SSD Pen";Lenovo Thinkpad Yoga;505711167;13.11.2021;RGK5LV3W6;UVN56386J2;3;3;4;7;1;8;5978046
Jari;Gable;Hohenbirker Weg;4;72361;Hausen am Tann;Deutschland;86I764288626;OLDI42065031;13.02.2021;559792822;DE813840343;1;456P5IY;Notebook Lenovo IdeaPad 3i 15IIL05 NEU;Notebook Lenovo IdeaPad;682691129;20.02.2021;GIV7TM2O40;INH44140J5;143;143;0;143;27;170;9357791
Tim;Bachem;Kînigsheideweg;1;72178;Waldachtal;Deutschland;16A944590073;EXXW86262306;30.06.2021;589369127;DE197110482;1;523Y8NG;Lenovo Intel Dual Core 2.8 GHz 4GB RAM 1TB HDD Intel HD Grafik Windows 11 Pro;Lenovo Intel Dual Core;830925742;09.07.2021;HSG4ZZ0K19;VHR58611D3;2;2;6;8;2;10;1097318
Doerte;Babacan;Erich-Thilo-Stra·e;65;71560;Sulzbach an der Murr;Deutschland;7A629760018;OZSF85037189;06.04.2021;920105743;DE348121980;1;617W3WK;Notebook Lenovo IdeaPad 3 14ADA05. AMD 3020e. 8GB RAM. 128GB SSD. Windows 10 S;Notebook Lenovo IdeaPad 3;282472473;14.04.2021;HFJ0XO4N22;SJW18629H3;67;67;0;67;13;80;5819278
Doerte;Kaderabek;Carl-Scheele-Stra·e;14;69493;Hirschberg an der Bergstra·e;Deutschland;49O749149367;EJIB96801579;21.01.2021;948416764;DE977663402;1;173Y8RD;Neues AngebotNOTEBOOK FUJITSU LIFEBOOK E556 INTEL CORE i5-6300U 2x 2.4GHz 8GB RAM 256GB SSD;NOTEBOOK FUJITSU LIFEBOOK E556 INTEL CORE i5;193685388;24.01.2021;AFW5FY4A38;IHX69920C7;2;2;1;3;1;3;1464275
Leo;Quaas;Friedenstra·e;24;72477;Schwenningen (Heuberg);Deutschland;26P794752854;BFQD3821959;20.11.2021;169132316;DE153817737;5;81A5PF;"Acer Spin 3 (SP314-21-R94X) 2-in-1 Convertible 14"" Full-HD Touch. AMD Athlon";Acer Spin 3 (SP;196418591;24.11.2021;MTL7XB8A21;QEU28487X6;17;84;2;86;16;102;6562888
Carla;Jaehner;Husstra·e;36;72585;Riederich;Deutschland;75H464863744;VWPC40537014;08.02.2021;95551979;DE395543026;1;939U5LJ;HP Laptop Dual-Core silber ~ bis 1TB SSD bis 16GB RAM WLAN HDMI Webcam Windows10;HP Laptop Dual-Core silber;395821191;13.02.2021;JXT9TT6B0;YTM34386Y2;2;2;0;2;0;2;3328830
Grit;Machill;Am Adlergestell;2;72513;Hettingen;Deutschland;99L367739786;ZQON3406491;31.10.2021;750649681;DE376097107;1;156K9VX;NOTEBOOK 17 ZOLL DELL INSPIRON 7706 - CORE i7 - BIS 64GB RAM 4TB SSD - W10 PRO;NOTEBOOK 17 ZOLL DELL;933953704;05.11.2021;HID1QX7E39;NGL8700C5;3;3;0;3;1;4;494027
Blanka;Aberle;KGA Am Teltowkanal III;58;71154;Nufringen;Deutschland;54L773634436;ZCKK12775737;15.02.2021;415876562;DE751541818;1;27K5XT;LAPTOP 17 ZOLL LENOVO V17 - CORE i5 - BIS 32GB RAM 2TB SSD - WINDOWS 11 PRO;LAPTOP 17 ZOLL LENOVO;439033980;22.02.2021;ZNH2ON5K69;XIW35297R6;5;5;0;5;1;6;9167448
Mark;Ibold;Genossenschaftsstra·e;1;71297;Mînsheim;Deutschland;16B481012700;NVJF23273362;28.08.2021;722725512;DE671307868;1;671K5DI;IdeaPad 3 15ADA05 Windows 10 Home Platin;IdeaPad 3 15ADA05 Windows;6165831;30.08.2021;IBP4PS7Y55;VFD66122S6;42;42;0;42;8;50;7629866
Ida;Machon;HeidemÅhler Weg;36;72574;Bad Urach;Deutschland;22H733996657;JSVB4646878;27.12.2020;503077742;DE609350392;1;914O4XN;Neues AngebotMEDION Akoya Laptop Notebook Education Schule Lernen Intel HD Grafik 4GB Ram ;MEDION Akoya Laptop Notebook;348159705;03.01.2021;XDZ9QJ2E88;ZKV53951X3;3;3;0;3;1;4;2559467
Vinzent;Jackowski;Felsenfest;5;72401;Haigerloch;Deutschland;1Q224705266;WNFR36251009;24.09.2021;842511843;DE634275034;1;115X4FP;"ASUS ZenBook Pro Duo 15 OLED (UX582LR-H2046T) 15.6"" Touch Ultra HD Notebook SSD";ASUS ZenBook Pro Duo;202976071;03.10.2021;LXG5PU9A18;UYB94544E4;2;2;0;2;0;2;2942195
Eliah;Mace;WÅnschelburger Gang;8;72359;Dotternhausen;Deutschland;96L996254453;UQSA18181946;10.12.2020;106195984;DE922373276;1;952B3MM;ASUS F515 Intel DualCore 2.8GHz 8GB RAM Intel UHD 256GB SSD + 1TB HDD Windows 10;Intel DualCore 2.8GHz 8GB RAM Intel UHD 256GB SSD;416983423;18.12.2020;BSV9PL2G56;AAZ34294C5;28;28;2;30;6;35;4666862
Lisa;Oberhuber;Hollstra·e;8;72369;Zimmern unter der Burg;Deutschland;70U364682101;ZFAS9751678;08.10.2021;356708617;DE312495352;1;969P5LF;Notebook Lenovo V17 Intel Dual 3.5GHz 16GB RAM 17.3 1TB IntelHD Windows 10;Notebook Lenovo V17 Intel;921385499;08.10.2021;PXC8HA8I83;GDI78156H2;28;28;5;33;6;39;9230575
Giulio;Pabst;Richard-WillstÑtter-Stra·e;6;72584;HÅlben;Deutschland;69M228473009;VERA55082001;04.06.2021;635469408;DE423298532;1;871H3HD;Neues AngebotDie Siedler 2 Gold Win 95 Laptop Toshiba Satellite Pro 4340 4300 Retro Gaming   ;Neues AngebotDie Siedler 2;789293867;08.06.2021;OXO7XV0B29;FIA92987N6;14;14;0;14;3;17;5493056
Amelie;Abanoz;Florian-Geyer-Stra·e;5;68723;Schwetzingen;Deutschland;65Q668936420;IYVY55985060;05.08.2021;3479432;DE396598341;2;204H0HK;"Lenovo IdeaPad 5 Pro 82L7004JGE - 14"" 2.8K IPS 90Hz. Ryzen 7 5800U. 16GB RAM.";Lenovo IdeaPad 5 Pro;904341559;06.08.2021;LJU4RJ0U60;QEX54329C0;3;5;0;5;1;6;8576067
Vanessa;Iannone;Abtstra·e;62;71126;GÑufelden;Deutschland;77K342023974;PYAV22663734;23.11.2021;592171807;DE384038084;1;367P2PT;HP EliteBook 8470p. Intel Core i7-3540M 3.0GHz. 1x 8GB DDR3. FireWire UMTS +NT;Book 8470p. Intel Core i7;348621620;28.11.2021;FMC0QL3S56;BCA9768A2;3;3;3;6;1;8;9692285
Isabell;Dachsel;Kiehnwerderallee;6;68789;Sankt Leon-Rot;Deutschland;94W838507584;IFXE41045924;14.10.2021;570853455;DE828433134;1;634N4IN;Microsoft Surface Pro 3  Intel Core i7 4650 8GB RAM 256GB SSD Tastatur Win10Pro;Microsoft Surface Pro 3;753708440;16.10.2021;LTI9AF2R7;UYW41368R6;76;76;0;76;14;90;9751912
David;Laa·;Kiehnwerderallee;84;71229;Leonberg (WÅrttemberg);Deutschland;81A676827647;NQNF25912459;18.09.2021;696861726;DE111393646;1;47M1GU;"HUAWEI MateBook D 16 Space Gray 40.89cm (16.1"") IPS. AMD Ryzen 5. 16GB RAM.";HUAWEI MateBook D 16 Space;38507213;21.09.2021;BNS2NI2G41;FHH13309T4;8;8;2;10;2;12;4408978
Edwin;Cakal;Albert-Einstein-Stra·e;9;72585;Riederich;Deutschland;97X504694687;JIAO45602561;16.04.2021;143420103;DE695286023;2;587N8AJ;Neues AngebotLenovo V15 ADA Iron Grey Notebook Laptop 15 Zoll;Neues AngebotLenovo V;77253770;23.04.2021;QIS4DC8A87;QFU11750S7;34;67;0;67;13;80;8936398
Theo;Jablonska;Seidenbaustra·e;61;72224;Ebhausen;Deutschland;52B420426541;OCNL66604632;21.03.2021;646153584;DE992085955;1;626F7HE;"HP Pavilion 15-ec1234ng 15.6"" FHD 144Hz Ryzen 5 4600H GTX 1650 16GB RAM 512GB";HP Pavilion 15-ec;469855378;24.03.2021;KSL9OP7Z29;BSE84507G1;42;42;0;42;8;50;2283514
Mara;Obermaier;Hollstra·e;95;72474;Winterlingen;Deutschland;9J595235798;AISL56306264;20.12.2020;557808851;DE856957231;1;686L5VX;NOTEBOOK 17 ZOLL LENOVO V17 - CORE i5 - BIS 32GB RAM 2TB SSD - WINDOWS 10 PRO;NOTEBOOK 17 ZOLL LENOVO;935716092;22.12.2020;IUF1HA4J96;WNT90041J1;2;2;8;9;2;11;9646804
Delia;Baasner;Weerthstra·e;2;71540;Murrhardt;Deutschland;90X275626554;BSFU667051;04.05.2021;926047529;DE546311107;1;702B8BH;"Dell Latitude 7200 2-in-1 LTE i5-8365U Quad-Core 8GB 256GB NVMe 12.3"" DE SET";Dell Latitude 7200 2-in;379021531;09.05.2021;WER0SA4G29;AVY49471G2;126;126;0;126;24;150;703245
Fabienne;Laakmann;KGA Einigkeit II;12;71134;Aidlingen;Deutschland;91F522631048;USZV67746922;30.01.2021;430542430;DE296938028;1;649B4ZD;Lenovo ThinkPad X395 X280 Notebook Ryzen 7 3700U 16GB SSD Windows Fingerprint;Lenovo ThinkPad X;172356375;01.02.2021;WEU1IG9G68;XDN35412A5;42;42;3;45;8;53;6423432
Miro;Ibraim;Lohnauer Steig;6;71397;Leutenbach (WÅrttemberg);Deutschland;23M601349542;JWLB69047051;07.06.2021;845679569;DE724634696;1;137T2SY;"ACER Aspire 5 15.6"" Full-HD Ryzen 3 5300U 8GB 256GB SSD Win 10 Home Silber HDMI";"ACER Aspire 5 15.6"" Full";542053003;15.06.2021;AIN2IP6F30;HIR28563L3;126;126;0;126;24;150;7434926
Ella;Aatz;Adlergestell;23;68542;Heddesheim;Deutschland;8D264698706;SVJW6901951;11.04.2021;743636281;DE149434430;1;348Z0PD;"Apple MacBook Pro 13"" MYD92D/A Spacegrau - 13"" Retina IPS Display. Apple M1";"Apple MacBook Pro 13""";493422054;17.04.2021;AVQ2IY9K71;MPC75618F7;2;2;0;2;0;2;2832516
Emil;Macar;Thomas-MÅntzer-Stra·e;3;72355;Schîmberg (Zollernalbkreis);Deutschland;64B416859339;XQNX93229638;03.04.2021;246970019;DE123452803;1;620V4VO;"Ultrabook Lenovo ThinkPad T470s Core i7-6600U 8GB 256GB SSD 14"" 1920x1080 IPS";Ultrabook Lenovo ThinkPad;255423589;04.04.2021;UEM1IM9Q80;CGR71787Y2;5;5;3;8;2;10;697202
Xanthe;Iber;Hauptweg;1;71229;Leonberg (WÅrttemberg);Deutschland;20A505527796;IZWY48171938;09.10.2021;797798951;DE281330322;1;784C5VW;"Medion Erazer Defender E10 (30033652) 17.3"" Full HD Gaming Notebook GTX 1650";Medion Erazer Defender;531415307;10.10.2021;VPU7TI8H86;GQN67448Y4;51;51;3;54;10;65;292985
Fatih;ObermÅller;Selchowstra·e;48;72513;Hettingen;Deutschland;36O271671821;ERMN93159538;10.10.2021;450620895;DE427908331;1;152C8MT;"HP 250 G8 34N34ES 15.6"" Full HD. Intel i5-1035G1. 8GB RAM. 512GB SSD. FreeDOS";HP 250 G8 34N;65138186;16.10.2021;TWI9PB2N71;RMK52598S1;303;303;0;303;57;360;2193373
RenÇ;Iffland;Schneckenburgerstra·e;2;72135;Dettenhausen;Deutschland;24B663037837;MXIF13232655;29.05.2021;569054935;DE674791640;1;676D1GG;"Lenovo Yoga Slim 7 82A200ALGE - 14"" FHD IPS. AMD Ryzen 5 4500U. 16GB RAM. 512GB";Lenovo Yoga Slim 7;824044558;29.05.2021;SEC8FA3V89;FPH53535I7;5;5;1;6;1;7;2589190
Morris;Ibrahimi;Hoffmannstra·e;9;71384;Weinstadt;Deutschland;42U898146452;ZNSA18585504;28.06.2021;634428169;DE622224964;1;821Z9IN;Apple MacBook Air (M1. 2020) MGND3D/A Gold Apple M1 Chip mit 7-Core CPU. 8GB;Apple MacBook Air (M1.;759720525;04.07.2021;CRX3KB4J79;KBD75716A9;84;84;0;84;16;100;5969051
Paris;Haan;Wassermannstra·e;25;72810;Gomaringen;Deutschland;12X891510472;CTCS73999114;10.12.2021;801663689;DE637439627;1;599B6QS;"Lenovo Thinkpad W530 8GB 15.6"" K1000M   #77";Lenovo Thinkpad W;624134790;16.12.2021;YOI0RM9M31;XMY27830W5;8;8;2;10;2;12;8915846
Catrin;Oberdîrfer;BÑrdorfer Zeile;51;72218;Wildberg (Schwarzwald);Deutschland;86T300104212;LQPN32111957;07.09.2021;673344998;DE299510365;3;624L0WM;Lenovo AMD 3020 Dual Core 2.6 GHz 4GB RAM 256GB SSD Radeon HD Windows 10 Home;Dual Core 2.6 GHz 4GB RAM 256GB;637601555;11.09.2021;FGJ9NE7Y79;LDX65873X1;17;50;2;52;10;62;7970767
Fiona;Machau;Silberberger Stra·e;5;72415;Grosselfingen;Deutschland;95O505796661;RCVY15129417;22.06.2021;255658056;DE306713924;1;735H3MX;"MSI GE70 Gaming | 17.3"" FHD | i5 bis 4x3.2 GB | SSD+HDD | 8 GB RAM | Win 10Pro";MSI Katana GF76 0017L2-260;568825439;01.07.2021;AKT4PQ9Y66;UBP80817I7;143;143;0;143;27;170;3576344
Edwin;MacDonald;Wassermannstra·e;9;72358;Dormettingen;Deutschland;22R636983670;XJHO9163573;09.03.2021;766438818;DE821065204;1;350Q2XH;ASUS F515 Intel DualCore 2.8GHz 8GB RAM Intel UHD 256GB SSD Windows 10 Pro;ASUS F515 Intel DualCore;259664334;11.03.2021;YKR3ZV7Q22;NSB40741W7;2;2;1;3;1;3;7821680
Ben;Laarmann;Gondeker Stra·e;1;71154;Nufringen;Deutschland;78L975760991;XRRP79032856;24.03.2021;575744663;DE99769803;2;12G4FM;Lenovo V15-IGL Intel Dual Core 2.8 GHz 4GB RAM 1TB HDD 15.6 Zoll Intel HD Grafik;Lenovo V15-IGL Intel Dual;462948819;25.03.2021;NDG6BI6A27;XKV98075Q6;168;336;0;336;64;400;3748259
Jardis;Oakley;Eichbuschallee;62;72631;Aichtal;Deutschland;2Y87145053;AGGD33776665;07.09.2021;654531000;DE986746441;1;815W1HY;"HP 250 G8 34N37ES 15.6"" Full HD. Intel i5-1035G1. 16GB RAM. 512GB SSD. Windows";HP 250 G8 34N;441943688;09.09.2021;UCE8NR5M35;TIT48489N9;28;28;1;29;5;34;6526421
Paul;Iden;Handjerystra·e;7;71711;Steinheim an der Murr;Deutschland;45Z723038785;IXSU31459469;18.04.2021;881173425;DE788612969;1;920L0ZC;Apple MacBook Pro Retina 15.4É?? TOUCHBAR i7 2.8 Ghz 512 GB SSD 16 GB Ram SILBER;Apple MacBook Pro Retina;412855937;22.04.2021;REE3HD7L4;GMM99018H1;13;13;0;13;3;16;7994151
Beat;Lachnit;Altheider Stra·e;2;71735;Eberdingen;Deutschland;72B540438737;PYEH20556018;16.05.2021;740689390;DE805701714;1;550R8KH;"Neues AngebotASUS TUF Gaming F15 FX506HCB-HN182W - 15.6"" FHD IPS 144Hz. Intel i5-11. 16 GB";Neues AngebotASUS TUF;807674358;18.05.2021;CGV7SF8V34;MUI64372I4;3;3;0;3;1;4;6482401
Tima;Haberberger;KGA Holunderbusch;6;69429;Waldbrunn (Odenwald);Deutschland;30X836613978;OVHE52622827;20.01.2021;465858645;DE566817206;1;387O3NI;"Lenovo IdeaPad 3 17"" AMD 3050U 4GB/256GB Win10Home grau Notebook HDMI USB Webcam";"Lenovo IdeaPad 3 17"" AMD";201649743;21.01.2021;QYQ2CS6X80;YBK61085T3;17;17;2;19;4;22;6093015
Jen;Oberascher;Gellertstra·e;4;72800;Eningen unter Achalm;Deutschland;81T69090205;OFXB75222226;23.07.2021;825642756;DE607603240;1;550C0MB;"HP 17-cn0135ng Natural Silver Notebook 17.3"" i3 8GB RAM 256GB SSD FHD W10";HP 17;677645797;28.07.2021;MKP7SO6Y43;BRK45627N3;84;84;0;84;16;100;8408527
Henrik;Pachale;Thelenstra·e;8;72631;Aichtal;Deutschland;90U593357752;LLVY73913080;29.01.2021;207951427;DE883976130;1;684Z6YL;LENOVO IdeaPad 3 Chromebook 14IGL05 14 Zoll 64GB eMMC Celeron N 4GB RAM B-WARE;LENOVO IdeaPad 3 Chromebook;689286015;01.02.2021;SRM2CI1Z6;TQU20727D6;13;13;2;16;3;18;5629124
Jasmin;Obendorf;Abtstra·e;1;72661;Grafenberg;Deutschland;17Z474333375;HGDT56827894;23.03.2021;572496481;DE110153230;1;628J3IC;Acer Nitro AN517 Intel Core i7-11800 17.3 16GB RAM 512GB SSD RTX 3060 Windows 10;Acer Nitro AN;837465263;31.03.2021;VXN7XN7X51;BQW82085B4;2;2;0;2;0;2;3949198
Amelie;Jaede;Arndtstra·e;3;72532;Gomadingen;Deutschland;94D927607857;UPEZ88622948;27.08.2021;233590675;DE565854630;1;763H2JV;Neues AngebotNOTEBOOK LENOVO THINKPAD T570 CORE i5-7300U 2x 2.6GHz 8GB RAM 256GB SSD WLAN;Neues AngebotNOTEBOOK LENOVO THINKPAD;239070949;01.09.2021;LKJ8ZZ8Q39;PKG91382U4;42;42;0;42;8;50;9954077
Eliah;Cakan;Justus-von-Liebig-Stra·e;2;72587;Rîmerstein;Deutschland;68F197108918;FNZB8948886;03.10.2021;167907241;DE138968498;1;654Q8ND;"HP 15s-fq2155ng Natural Silver Notebook 15.6"" i5 16GB RAM 512GB SSD FHD W10";HP 15s-fq2155ng Natural Silver;45238797;06.10.2021;HVR4FC6K10;RFZ59179V2;25;25;3;28;5;34;2597218
Emil;Cajic;WÅnschelburger Gang;6;72582;Grabenstetten;Deutschland;27W41383533;EYYG84890242;10.10.2021;795002657;DE344171035;1;140C0PC;Lenovo Intel Dual Core 2.8 GHz 4GB RAM 256GB SSD Intel HD Grafik Windows 10 Pro;Lenovo Intel Dual Core;856915529;14.10.2021;YUZ0WE8A76;EID4827N0;168;168;0;168;32;200;3520978
Gabrielle;Dabels;Aprikosensteig;23;72820;SonnenbÅhl;Deutschland;31T757348471;LSSA30272213;11.01.2021;787462075;DE88560710;2;856K4GS;"Lenovo ThinkPad T14s G1 | 14""| AMD Ryzen 7 PRO 4750U | 16GB RAM | 512GB SSD";Lenovo ThinkPad T14s G1;703912223;13.01.2021;VKP9MM4G89;SUN93787P7;25;50;0;50;10;60;8944949
Igor;Pacino;Frauenlobstra·e;25;72818;Trochtelfingen;Deutschland;62T361278049;MHIT21817384;28.12.2020;658991877;DE126192267;1;79D4BE;Notebook HP AMD Ryzen5 5500 6-Kern 4GHz 16GB 512GB SSD AMD Radeon Windows 10 Pro;Notebook HP AMD Ryzen5;212490915;30.12.2020;QOW4DS6L1;KNL89590Y7;42;42;5;47;9;56;768069
Jannik;Gabele;Eichbuschallee;1;72336;Balingen;Deutschland;85G594444611;TPAY33444685;05.04.2021;529719981;DE576793127;1;297A7VT;"Convertible Panasonic Toughbook CF-C2 MK2 12.5"" Touchdisplay Core i5 8GB RAM 256";Convertible Panasonic Toughbook;544588666;05.04.2021;ECG8NP5I8;AIG8360L4;101;101;0;101;19;120;1853549
Elisabeth;JÑhnichen;Neltestra·e;25;72589;Westerheim (WÅrttemberg);Deutschland;51T214793469;QEXC76002008;08.01.2021;97600583;DE530134428;2;701V3WX;Notebook HP AMD Ryzen3 Quad 3.8GHz 17.3 16GB RAM 512GB SSD AMD Radeon Windows 10;Notebook HP AMD;187824272;14.01.2021;RPY7YT7V96;RUY17908V5;28;55;0;55;11;66;4770174
Haima;Machoczek;Felsenfest;95;72535;Heroldstatt;Deutschland;31Z490262993;AFPF48814780;02.08.2021;962368331;DE322495469;2;709B3EU;"Notebook ASUS F515MA-BQ549 15.6"". Celeron N4020. 8GB DDR4. 256GB. Win 10 Home";Notebook ASUS F;851431595;06.08.2021;NYT1MP6P78;NQD40478Q5;28;55;2;57;11;68;3674053
Deenah;Kaddoura;Silberberger Stra·e;2;69427;Mudau;Deutschland;12B864425084;UDNB81634375;21.01.2021;967782886;DE707218966;1;482W4CF;"HP ENVY x360 15-es0154ng 15.6"" FHD IPS Touch. Intel i5-1135G7. 8GB RAM. 512GB";HP ENVY x;90597965;27.01.2021;EYT5AQ4Z10;SVJ93109V4;6;6;1;7;1;9;5181750
Miriam;Obermayer;Walther-Nernst-Stra·e;25;72479;Stra·berg;Deutschland;56T465216023;MRDE97190555;21.06.2021;787700521;DE987176898;2;429S7MV;"Acer Chromebook Spin 513 (CP513-1H-S72Y) 13.3"" IPS Touch. Snapdragon 7180c";Acer Chromebook Spin;285275918;30.06.2021;ACM7XU7Q93;BYO53529K5;42;84;2;86;16;102;7604316
Jennifer;Oben;Heidekampweg;12;72655;Altdorf bei NÅrtingen;Deutschland;98Q488455027;VUIQ85808627;08.01.2021;525800633;DE724320120;1;639I7AG;Neues AngebotLenovo ThinkPad T430 Core i7-3520M 2.6GHz 8GB 128GB SSD 1600x900 nVidia Cam;Neues AngebotLenovo ThinkPad;725047087;12.01.2021;FJH2VP1H55;XGQ92248K3;101;101;0;101;19;120;4455691
Aras;Labuhn;Genossenschaftsstra·e;26;71563;Affalterbach;Deutschland;91V786419426;XLZL70249190;28.03.2021;771891010;DE780085503;1;845A6MZ;"Neues AngebotDell Latitude 12 7212 WiFi Rugged Tablet i5-7300U 8GB 256GB SSD Win10 11.3"" A";Neues AngebotDell Latitude;590791813;04.04.2021;TOT1MJ1G75;FVH60365A7;25;25;3;28;5;33;9437975
Taylor;Jachmann;Zinsgutstra·e;25;72299;Wîrnersberg;Deutschland;75B671241445;CQHP52337033;29.07.2021;50446218;DE316338975;2;778V0JV;"Lenovo IdeaPad Duet 3 10IGL5 2in1 Convertible Notebook Tablet 26.16cm 10.3"" IPS";Lenovo IdeaPad Duet;646568582;04.08.2021;FSS1UU8D21;BNX56260V7;25;50;2;53;10;62;4404640
Kilian;Paduch;Abtstra·e;25;72362;Nusplingen;Deutschland;5B602915311;BHYK53064004;03.10.2021;541535752;DE833077254;2;112Z7PG;"Asus Notebook D515DA AMD Ryzen5 3500U Quadcore 15.6"" FullHD 8GB RAM 256GB SSD";Asus Notebook D515DA AMD;435415301;09.10.2021;QYK2QM0H42;DYI70411F3;3;5;0;5;1;6;1861178
Kevin;PÑhler;Genossenschaftsstra·e;58;72406;Bisingen;Deutschland;49H509132865;AHCD10760682;09.03.2021;819520992;DE722124319;1;0Z7QT;Notebook HP AMD Ryzen 5 5500 6-Kern 4GHz 16GB 1TB SSD AMD Radeon Windows 10 Pro;Notebook HP AMD Ryzen;412314500;15.03.2021;HEA5FA0Y41;ZIJ91293F4;3;3;0;3;0;3;3835911
Jarin;Padel;Eschenbachstra·e;3;72299;Wîrnersberg;Deutschland;2M816491870;XVPW36825752;18.03.2021;392383555;DE74537014;1;245B9HR;"HP 250 G7 Dark Ash Notebook 15.6"" i5 16GB RAM 512GB SSD FHD W10";HP 250 G7 Dark;942200630;23.03.2021;GCP2OK0T46;AJE92338H7;59;59;0;59;11;70;5761927
Klaus;Paege;Friedenstra·e;48;72393;Burladingen;Deutschland;92N132702865;BQTQ88981073;01.11.2021;368963112;DE420204579;1;705Q9AN;"Lenovo X260 12.5"" LED HD IPS Notebook Intel∂© i7 6500U 16GB RAM 256GB SSD Win 10";"Lenovo X260 12.5"" LED";871719995;07.11.2021;RMB5CS1T89;JGZ66403Q0;4;4;6;10;2;12;1338826
Jannik;Padilla;GÅldenhofer Ufer;9;72351;Geislingen (Zollernalbkreis);Deutschland;29X162827088;IWYY49315240;27.02.2021;561126304;DE543549828;1;644R8IX;"Panasonic ToughBook CF-52 i5 15.4"" 8 GB RAM 256 GB SSD Windows 7 RS232 MK3";Panasonic ToughBook CF;747751898;08.03.2021;YEM2XM5K89;JOB30660J5;8;8;2;10;2;12;7976342
Damian;Caglayan;Rosenweg;4;72532;Gomadingen;Deutschland;80I332267297;AXDS57866492;20.11.2021;101269141;DE105414127;1;594S2WS;Schenker XMG Neo 15 2021 Ryzen 7 5800H RTX 3070 140W TGP 512GB Notebook;Schenker XMG Neo 15;975391758;28.11.2021;NYM9GQ5V75;ZFT16642O3;126;126;2;128;24;152;920702
Bentje;Kacmaz;WÅnschelburger Gang;1;69221;Dossenheim;Deutschland;20R547227443;VCVZ30913360;01.05.2021;906880539;DE745799558;2;237S0TK;"HP Chromebook x360 14a-ca0140ng 14"" FHD IPS Touch. Intel N5030. 4GB RAM. 128GB";HP Chromebook x360 14a-ca0140ng;541415492;08.05.2021;HYP5AN5L31;QFS84075L4;3;5;2;7;1;8;5887482
Birte;Baade;Am Studio;25;71277;Rutesheim;Deutschland;28T66741987;YWNJ65586716;16.06.2021;711494640;DE36319607;1;857X2JT;"HP 14s-fq1155ng 14"" FHD IPS. Ryzen 5 5500U. 8GB RAM. 512GB SSD. Windows 10";"HP 14s-fq1155ng 14"" FHD";211338625;22.06.2021;HSV1MG4G46;LVX81079H3;51;51;0;51;10;61;1386132
Falko;Eberhart;KGA Am Teltowkanal III;64;71554;Weissach im Tal;Deutschland;10T519113853;RNYB52569895;08.10.2021;996398512;DE303274951;1;583X3BG;Notebook HP AMD Ryzen 3 Quad 3.8GHz 17.3 16GB RAM 1TB SSD AMD Radeon Windows 10;AMD Ryzen 3 Quad 3.8GHz 17.3 16GB RAM 1TB SSD AMD Radeon Windows 10;968377192;17.10.2021;MZL4SL5H76;YFS20465A3;3;3;0;3;1;4;4836737
Ulf;Jackmuth;KGA Einigkeit II;65;72379;Hechingen;Deutschland;56J175942390;SVFW68252738;15.07.2021;866107833;DE181251125;1;967X8AF;HP Chromebook 14a-na0220ng 14 Zoll 64 GB eMMC Intel Celeron 4 GB RAM B-WARE;HP Chromebook 14a-na0220ng 14;36069153;23.07.2021;JAB8ID0F33;VIM61680C6;5;5;0;5;1;6;5311183
Luca;Quade;Husstra·e;15;72511;Bingen bei Sigmaringen;Deutschland;81R82756721;USEY48216392;02.04.2021;636975764;DE30669630;1;515C1ZR;"HP 255 G8 45R25ES 15.6"" FHD IPS. AMD Ryzen 5 5500U. 16GB RAM. 512GB SSD.";HP 255 G8 45R;415587020;03.04.2021;YBS2VA7M70;FSA18010V6;143;143;0;143;27;170;5854025
Finn;Baccouche;Glanzstra·e;45;72147;Nehren (WÅrttemberg);Deutschland;4K163202274;ZGQU89047503;23.06.2021;17786658;DE481805486;1;352Q4BX;ASUS Gaming Ryzen 7 5800H 8-Kern 4.4GHz RTX 3060 32GB RAM 1TB SSD WINDOWS 10;ASUS Gaming Ryzen;640167556;01.07.2021;OBT6QE8V24;RIU74199B9;51;51;2;53;10;63;6445774
Haile;Pachmann;Barbara-McClintock-Stra·e;5;72661;Grafenberg;Deutschland;82Z477012789;EJIJ921728;05.04.2021;194662699;DE457942212;1;556G0WO;HP 17-cn0646ng Notebook 17.3 Zoll (i3-1115G4. 8 GB RAM. 512 GB SSD);HP 17-cn0646ng;628624680;09.04.2021;AVA7CX3Q59;VSE32590L9;5;5;0;5;1;6;6626102
Katharina;JÑgers;Florian-Geyer-Stra·e;9;72537;Mehrstetten;Deutschland;0A365723310;SRWY95084142;09.01.2021;246219931;DE459545024;1;12J1LG;NOTEBOOK 15 ZOLL FULL HD ASUS D513i - RYZEN 7 8-CORE - WINDOWS 11 PRO - OFFICE;NOTEBOOK 15 ZOLL FULL;242827814;10.01.2021;YOE6TK5R20;CCY13920I4;3;3;2;5;1;6;8207722
Carl;Maarouf;Friedlander Stra·e;15;72186;Empfingen;Deutschland;59E466731656;UVAC17967148;06.10.2021;57495284;DE137575692;1;490B1NS;Notebook HP Intel i7 QuadCore 3.9GHz 16GB 1TB SSD Intel Iris HD Windows 10 Pro;Notebook HP Intel i7;262037554;08.10.2021;NAH4FP2L53;FNK60694L5;168;168;2;170;32;202;5095064
Dorothee;Kadi;Magnusstra·e;25;69502;Hemsbach (Bergstra·e);Deutschland;71W481810890;ZUKC18971474;06.08.2021;370150315;DE214459604;1;465M0HN;"Notebook 14"" Lenovo ThinkPad T470s Core i5-7200U / 7300U 8GB 256GB SSD FHD IPS";"Notebook 14"" Lenovo ThinkPad";454098644;15.08.2021;RHN7MY3U9;GMN74889Y6;2;2;2;4;1;4;8174979
Elias;Laasch;HeidemÅhler Weg;25;71157;Hildrizhausen;Deutschland;57F555104151;MDIN64009011;22.11.2021;470409834;DE332620762;1;757U2CJ;"HP 250 G8 34N41ES 15.6"" Full HD. Intel i5-1035G1. 16GB RAM. 512GB SSD. GeForce";HP 250 G8 34N;943524065;30.11.2021;TZB6BQ7C66;GEU5671C0;34;34;2;36;7;42;5180254
Lina;Ebach;Freystadter Weg;47;71144;Steinenbronn;Deutschland;46Z542094030;YNMK57141629;04.08.2021;127889065;DE69428930;1;782D2OC;"Neues AngebotASUS Vivobook E410 14"" Intel N4500 4GB 128GB Win10Home S blau Laptop Full HD";Neues AngebotASUS Vivobook E410;928077638;13.08.2021;FOQ3OJ8F76;LZN14345Z9;76;76;1;77;15;91;6076112
Tom;Jablonka;Richard-WillstÑtter-Stra·e;15;72218;Wildberg (Schwarzwald);Deutschland;10Y364128070;HKVP56531220;20.11.2021;139252308;DE129015293;1;628S5DF;NOTEBOOK HP ELITEBOOK 840 G1 INTEL CORE i7-4600U 2x 2.1GHz 4GB RAM 500GB HDD;NOTEBOOK HP ELITEBOOK;195164900;26.11.2021;GWF3WM9W3;YLF76299J3;76;76;0;76;14;90;4362968
Ute;Haberkamp;Ekkehardstra·e;25;69514;Laudenbach (Bergstra·e);Deutschland;31J636750228;RJRB45570483;20.10.2021;112584150;DE555276754;1;844P0ZJ;MSI Katana GF76 11UE-058 Notebook 17.3 Zoll 1TB SSD Full HD Intel Core i7 B-WARE;GF76 11UE-058 Notebook 17.3 Zoll 1TB SSD Full HD Intel Core i7 B;104830158;25.10.2021;KQJ9OM4C30;UEM72404G9;2;2;0;2;0;2;1224599
Jen;DÑmmer;Hauptweg;1;69429;Waldbrunn (Odenwald);Deutschland;97P154649042;WBGK56923421;26.10.2021;382869390;DE869717977;2;604I4EZ;Neues AngebotMICROSOFT Surface Laptop 4 13.5 Zoll Touchscreen Intel Core i7 512 GB SSD B-WARE;MICROSOFT Surface Laptop 4 13.5 Zoll Touchscreen Intel Core i7 512 GB SSD B;750792984;31.10.2021;QDT4JT5L3;MJK19959M4;28;55;0;55;11;66;6800738
Ibrahim;Pacini;Felsenfest;26;72813;Sankt Johann (WÅrttemberg);Deutschland;33H240325610;KGQK61463994;19.03.2021;553583017;DE248284652;1;733H2YW;WOW NOTEBOOK 15 ZOLL LENOVO V15-IIL - CORE i5 - 8GB RAM - 256GB SSD - WINDOWS 10;WOW NOTEBOOK 15 ZOLL;431940995;25.03.2021;TJX1CD7F63;SMD34188A2;42;42;4;46;9;55;6143623
Remigius;Iger;Vogelbeerstra·e;25;72147;Nehren (WÅrttemberg);Deutschland;82P546327883;EOMS74132413;20.02.2021;68025192;DE590640610;1;754V3NU;NOTEBOOK  17 ZOLL ASUS K712 INTEL CORE i3 SSD WINDOWS 11 PRO OFFICE 2019 PRO;ASUS K712 INTEL CORE i3 SSD WINDOWS 11 PRO OFFICE 2019 PRO;529605171;20.02.2021;KLO8CP9P50;HLV24725X6;3;3;0;3;1;4;4741100
Mathilda;Oberlerchner;Glienicker Weg;9;72417;Jungingen;Deutschland;16D711657141;WXEZ13538146;22.10.2021;823204172;DE720579882;1;508Y1ZF;"Lenovo IdeaPad 3 82H700AJGE - 14"" FHD IPS. Intel i5-1135G7. 8GB RAM. 256GB";Lenovo IdeaPad 3 82H;224907354;23.10.2021;LSX9FJ0D36;MAV64196O7;25;25;0;25;5;30;8247443
Jarne;Padua;Bahnhofstra·e;84;72361;Hausen am Tann;Deutschland;70E235960552;GJVL39050364;08.05.2021;558602402;DE370292944;1;286A6PH;HP omnibook XE3 als Ersatzteil/Defekt Nr. 48;HP omnibook XE;523260528;13.05.2021;CMP4IQ9K28;RCN20063I1;14;14;0;14;3;17;5364569
Yvonne;Iberer;Hoffmannstra·e;23;71254;Ditzingen;Deutschland;39O427967801;MXCC93822339;14.09.2021;573156620;DE749394224;1;206J9AO;"HP 255 G7 214L9ES 15.6"" FHD. AMD Athlon 3050U Dual-Core. 8GB RAM. 256GB SSD.";HP 255 G7 214L;702938959;15.09.2021;JBD9XF2J14;RFI94781V9;101;101;0;101;19;120;2838917
Joel;Gaberle;Forsthausallee;6;72355;Schîmberg (Zollernalbkreis);Deutschland;50I982780235;JIDS56749338;17.11.2021;505730605;DE956541808;2;847N0SG;xeron B750 Nr.123 als Ersatzteil/Defekt;xeron B750 Nr;373332156;24.11.2021;HKF6EB0X18;SBS72242N6;3;7;0;7;1;8;1688400
Caroline;Kaczorowski;Ernst-Lau-Stra·e;2;69250;Schînau (Odenwald);Deutschland;33V887178070;BJUZ46807245;08.03.2021;110148612;DE347412214;1;551L8LZ;"HP G7 15.6"" Notebook AMD 8GB 256GB SSD Full HD DVD-RW Win10 Pro Offcie W-Lan";"HP G7 15.6"" Notebook AMD";585663161;09.03.2021;ZNA9AG4B95;BBL60609U9;4;4;0;4;1;5;1577556
Levi;Quadri;Neltestra·e;61;72514;Inzigkofen;Deutschland;78X826738793;DVJH2147427;30.01.2021;147890273;DE993622958;2;697A1QK;Neues AngebotHP 17-CN0365NG Notebook. 17.3 Zoll. i7. 8GB RAM. 512GB SSD. Intel Iris Xe Grafik;Neues AngebotHP 17-CN0365NG Notebook.;603385701;08.02.2021;ZPJ5UJ5Z33;NII52743I7;42;84;3;87;17;104;1725499
Gabi;Dabernig;Chris-Gueffroy-Allee;84;68535;Edingen-Neckarhausen;Deutschland;46L533217186;AHNU80444481;05.07.2021;651196471;DE419909052;1;157Y5MB;Apple MacBook Air (M1. 2020) MGN93D/A Silber Apple M1 Chip mit 8-Core CPU. 8GB;Book Air MGN93D/A Silber Apple M1 Chip mit 8;566393775;07.07.2021;OSJ5YJ4M36;EUT38666S6;2;2;1;3;1;3;2737852
Adrian;Labusch;Hauptweg;48;71573;Allmersbach im Tal;Deutschland;68V854654822;RJWH81806290;09.07.2021;819569675;DE809482564;1;798Z3ET;Neues AngebotAcer Aspire ES1-512  gebraucht 15.5 Zoll 256GB SSD 8GB Ram;Neues AngebotAcer Aspire;637269324;14.07.2021;JZQ8JZ4C48;DXV88088R2;2;2;2;3;1;4;4139651
Bela;Baci;Altheider Stra·e;6;72365;Ratshausen;Deutschland;12D418991301;WPSI80506877;19.07.2021;690691511;DE631543878;1;605R2LN;Schenker XMG Neo 15 2021 Ryzen 7 5800H RTX 3070 140W TGP 512GB Notebook;Schenker XMG Neo 15;470267872;28.07.2021;DUY8MQ0J97;ECQ7300H5;3;3;0;3;0;3;9741902
;;;;;;;;;;;;;;;;;;;;;;;;;;
;;;;;;;;;;;;;;;;;;;;;;;;;;
;;;;;;;;;;;;;;;;;;;;;;;;;;
;;;;;;;;;;;;;;;;;;;;;;;;;;
;;;;;;;;;;;;;;;;;;;;;;;;;;
;;;;;;;;;;;;;;;;;;;;;;;;;;
;;;;;;;;;;;;;;;;;;;;;;;;;;
;;;;;;;;;;;;;;;;;;;;;;;;;;
;;;;;;;;;;;;;;;;;;;;;;;;;;
