Lastname,Name,Street,HouseNumber,PostalCode,City,Country,email,InvoiceID,InvoiceDate,OrderNr,Ref,Product,n,x,s00,s1,total
Babucke,Leon,Eichbuschallee,1,72138,Kirchentellinsfurt,Deutschland,Leon.Babucke@gmx.de,FR-21-817012571,2021-10-16,6UR99WFYFLI,OW3638VCHLZF,League of Legends Account EUW 40-50k BE Lol Smurf Lvl 30+ UNVERIFIED Unranked,1,10.915966386554622,10.915966386554622,2.074033613445378,12.99
Dachs,Helen,KGA Holunderbusch,8,68782,Brühl (Baden),Deutschland,Helen.Dachs@gmx.de,FR-21-355425340,2021-02-16,0OA372VZZHHX,SU4180GEQWKA,Landwirtschafts Simulator 22 2022 (PC DVD + Digital) (NEU & OVP) (Vorbestellung),1,302.51260504201684,302.51260504201684,57.4773949579832,359.99000000000007
Iding,Phil,Helbigstraße,8,71720,Oberstenfeld,Deutschland,Phil.Iding@gmx.de,FR-21-978970914,2021-02-03,7BD202IVLWVN,JP697HVDWUT,League of Legends Account EUW 60-70k BE Lol Smurf Lvl 30+ UNVERIFIED Unranked,1,3.3529411764705888,3.3529411764705888,0.6370588235294119,3.9900000000000007
Pachali,Hendrik,Vimystraße,1,72636,Frickenhausen (Württemberg),Deutschland,Hendrik.Pachali@gmx.de,FR-21-704243671,2021-10-21,0WW280WPAGJX,OP8811QFCELF,League of Legends Account LOL EUW Unranked Lvl 30 All Champs Smurf Skins Acc BE,1,3.3529411764705888,3.3529411764705888,0.6370588235294119,3.9900000000000007
Oberleitner,Mareen,Gemeinschaftsstraße,45,72415,Grosselfingen,Deutschland,Mareen.Oberleitner@gmx.de,FR-21-564092323,2021-01-29,6CG393ODYKYM,KD6599VAASWJ,[Europa/EU] Genshin Impact Hutao Baal Ayaka Diluc Jean Mona Venti Qiqi Kazuha,1,16.798319327731093,16.798319327731093,3.191680672268908,19.990000000000002
Ebersmann,Gel,Platz der Befreiung,8,71711,Murr,Deutschland,Gel.Ebersmann@gmx.de,FR-21-385661743,2021-03-28,0YE382ZSJROR,DH5201WCWJKH,Call of Duty Modern Warfare | PC | DE/MULTI | Battle.net | No Key/Code,1,42.00840336134454,42.00840336134454,7.981596638655463,49.99
Pachinger,Hardy,Wilhelm-Ostwald-Straße,51,72657,Altenriet,Deutschland,Hardy.Pachinger@gmx.de,FR-21-658759196,2021-05-28,0EQ56OQVEGU,IW8715PEVOZJ,Pet Simulator X Dark Matter Galaxy Fox,1,10.915966386554622,10.915966386554622,2.074033613445378,12.99
Labella,Julian,Forsthausallee,8,71297,Mönsheim,Deutschland,Julian.Labella@gmx.de,FR-21-95965165,2021-09-30,5NK555SQWGHF,ZA1599YUWYRI,Mario + Rabbids Kingdom Battle Gold Edition **Nintendo Switch Spiel NEU OVP,1,16.798319327731093,16.798319327731093,3.191680672268908,19.990000000000002
Abdellaoui,Susanne,Bernstadter Weg,26,69250,Schönau (Odenwald),Deutschland,Susanne.Abdellaoui@gmx.de,FR-21-270586112,2021-09-29,4EA658CNVHXT,WJ3729EYZLVP,100 x Exalted Orb | Scourge League | Path of Exile | PoE | Deutsche IP,1,142.84873949579833,142.84873949579833,27.141260504201682,169.99
Ebbers,Lea,Glienicker Weg,2,71155,Altdorf (Kreis Böblingen),Deutschland,Lea.Ebbers@gmx.de,FR-21-241062301,2021-07-24,0FP861ACXSMY,DI6241BKJAEU,Minecraft Premium Windows 10/11 Key [DE][PC][TOP][HÃ¤ndler] Blitz-Versand NEU âš¡âš¡,2,67.21848739495798,134.43697478991595,25.543025210084032,159.98
Oberegger,Kaaria,Genossenschaftsstraße,64,72227,Egenhausen,Deutschland,Kaaria.Oberegger@gmx.de,FR-21-49801055,2021-02-05,2AI513EKAQNW,TO2210KZBJCQ,50 x Exalted Orb | Scourge League | Path of Exile | PoE | Deutsche IP,1,33.60504201680673,33.60504201680673,6.384957983193278,39.99000000000001
Jacqueline,Yannis,Forsthausallee,1,72510,Stetten am kalten Markt,Deutschland,Yannis.Jacqueline@gmx.de,FR-21-141979901,2021-09-06,5PV119PFOCNU,KM8948RYFTLR,WoW Classic Season of Mastery (SoM) Kingsfall Gold Horde&Allianz - Blitzversand,3,42.00840336134454,126.02521008403363,23.94478991596639,149.97000000000003
Caicedo,Dirk,Thomas-Müntzer-Straße,1,72555,Metzingen,Deutschland,Dirk.Caicedo@gmx.de,FR-21-807165054,2020-12-25,3MX539GDUBDJ,NJ9555HMKSEA,Call of Duty: Vanguard| PC | DE/MULTI [Battle.net] No Key/Code,1,67.21848739495798,67.21848739495798,12.771512605042016,79.99
Eble,Hugo,Erich-Thilo-Straße,2,72144,Dußlingen,Deutschland,Hugo.Eble@gmx.de,FR-21-131411016,2021-05-25,5CM944CJOPPK,QI7371QSVFLM,Red Dead Redemption 2 | PC | Digital Download | INSTANT [GLOBAL],1,33.60504201680673,33.60504201680673,6.384957983193278,39.99000000000001
Qorraj,Linas,Bärdorfer Zeile,12,72474,Winterlingen,Deutschland,Linas.Qorraj@gmx.de,FR-21-762998143,2021-06-10,3EC551EHQVSZ,MD3064HDGYFZ,New World Gold Coins Alle EU Server DE Sofortversand Sicher Schnell,1,51.25210084033614,51.25210084033614,9.737899159663867,60.99000000000001
Maack,Christoph,Hollstraße,48,72160,Horb am Neckar,Deutschland,Christoph.Maack@gmx.de,FR-21-430175601,2021-04-11,4HO529RXPGPY,IM7593MDESWB,WoW Classic Season of Mastery (SoM) Dreadnaught Gold Horde&Allianz Blitzversand!,1,75.6218487394958,75.6218487394958,14.368151260504202,89.99000000000001
Packroff,Jonathan,Baumschulenstraße,7,72226,Simmersfeld,Deutschland,Jonathan.Packroff@gmx.de,FR-21-169286512,2021-02-04,9RI488HXFAFF,ZN6300NJEZEY,Grand Theft Auto V Premium Edition |PC| Digital Download| INSTANT [GLOBAL]|GTA 5,1,84.02521008403362,84.02521008403362,15.964789915966387,99.99000000000001
Jacksteit,Vidu,KGA Holunderbusch,98,72417,Jungingen,Deutschland,Vidu.Jacksteit@gmx.de,FR-21-648839535,2021-10-15,7AW685UJNUIP,CC2081HVUEMV,Diablo 2 Resurrected  Infinity d2r Unendlichkeit  eth Drescher PC SC ber,1,5.033613445378152,5.033613445378152,0.9563865546218489,5.990000000000001
Dada,Ivette,Ekkehardstraße,28,69181,Leimen (Baden),Deutschland,Ivette.Dada@gmx.de,FR-21-876655045,2021-06-30,3XN370ZWZJIS,QX79GMDIGD,League of Legends Account EUW 50.000+ BE Lol Smurf Lvl 30+ UNVERIFIED Unranked,1,58.81512605042017,58.81512605042017,11.174873949579831,69.99
Kabus,Bianca,Rosenweg,29,68809,Neulußheim,Deutschland,Bianca.Kabus@gmx.de,FR-21-980256486,2021-01-05,1BZ424CHIGOF,HC2462STRSOW,Horizon: Zero Dawn (Complete Edition) [PC-Download | STEAM | KEY],1,33.60504201680673,33.60504201680673,6.384957983193278,39.99000000000001
Haarmeyer,Raina,Platz der Befreiung,9,68723,Schwetzingen,Deutschland,Raina.Haarmeyer@gmx.de,FR-21-885474615,2021-06-04,1QQ605LJFGRR,HA6606SXOSRJ,Diablo 2 Resurrected - Runes - 31# -Jah,1,13.436974789915967,13.436974789915967,2.5530252100840336,15.99
Babel,Ebba,Bergaustraße,98,71679,Asperg,Deutschland,Ebba.Babel@gmx.de,FR-21-586719134,2021-04-09,2PZ238TIHKGY,QW9044RZBMZL,Cyberpunk 2077 Key - GOG PC Spiel Digital Donwload Code - DE/EU,1,8.394957983193278,8.394957983193278,1.5950420168067228,9.99
Dähne,Jaqueline,Florian-Geyer-Straße,4,69254,Malsch bei Wiesloch,Deutschland,Jaqueline.Dähne@gmx.de,FR-21-602948577,2021-09-16,4TI394FKZLVA,LJ8119BMIDQR,Metin2 Germania - 15 Won (1.5kkk Yang) - BlitzÃ¼bergabe âš¡ 100% sicher ðŸ‘,1,3.3529411764705888,3.3529411764705888,0.6370588235294119,3.9900000000000007
Gaal,Ian,Frauenlobstraße,58,72213,Altensteig,Deutschland,Ian.Gaal@gmx.de,FR-21-655335730,2021-05-20,6NM681TZMBMP,DC3836QYQZIO,Farming Simulator 22 | PC | STEAM | DE/MULTI | Key / Code | INSTANT,1,3.3529411764705888,3.3529411764705888,0.6370588235294119,3.9900000000000007
Maag,Cedrik,Köpenicker Straße,9,72172,Sulz am Neckar,Deutschland,Cedrik.Maag@gmx.de,FR-21-427913168,2021-04-28,2TY592GHNPML,CM1175QDKYYX,Pet Simulator X Rainbow Galaxy Fox,2,84.02521008403362,168.05042016806723,31.929579831932774,199.98000000000002
Gaby,Kaarle,Hoffmannstraße,28,72419,Neufra,Deutschland,Kaarle.Gaby@gmx.de,FR-21-422657587,2021-04-07,6WK0CBPQLS,DW3727ATFNYR,Pet Simulator X 100M Diamonds (100.000.000) -sofortige Lieferung!,1,168.05882352941177,168.05882352941177,31.931176470588237,199.99
Labrenz,Linus,Arndtstraße,9,71540,Murrhardt,Deutschland,Linus.Labrenz@gmx.de,FR-21-351855881,2021-04-08,1HG88MADUWT,MA2070GYIHKK,Star Citizen 1.000.000 aUEC,1,3.3529411764705888,3.3529411764705888,0.6370588235294119,3.9900000000000007
Laake,Luzia,Dornbrunner Straße,61,71131,Jettingen,Deutschland,Luzia.Laake@gmx.de,FR-21-253594310,2021-04-06,5SN35AXIGDM,LZ7464GCSGSI,Escape From Tarkov 10.000.000 Rubel Roubles Patch 0.12.11 EFT 10M 10 Mio 10 Mil.,2,84.02521008403362,168.05042016806723,31.929579831932774,199.98000000000002
Kaaden,Maya,Friedenstraße,48,72636,Frickenhausen (Württemberg),Deutschland,Maya.Kaaden@gmx.de,FR-21-291233264,2021-02-09,3JQ299GOEJRG,EX5349IFVULX,BPM: BULLETS PER MINUTE GAME! STEAM! KEY NEU REINSCHAUEN,1,0.8319327731092437,0.8319327731092437,0.1580672268907563,0.99
Lachmuth,Baldur,Lohnauer Steig,45,71729,Erdmannhausen,Deutschland,Baldur.Lachmuth@gmx.de,FR-21-529390767,2021-07-23,9XV402RNJBXC,UM6071LTLLGQ,Diablo 2 Resurrected - Spinnenmonsternetz - Arach - Arachnid Mesh - Softcore PC,1,67.21848739495798,67.21848739495798,12.771512605042016,79.99
Lacheta,Allessandro,Hackenbergstraße,1,71711,Steinheim an der Murr,Deutschland,Allessandro.Lacheta@gmx.de,FR-21-729308500,2021-05-10,1BZ790LXODDS,NH2576QVMYPH,Diablo 2 Resurrected - D2R - [EU/SC/PC] - HÃ¤nde Auflegen / Laying of Hands,2,302.51260504201684,605.0252100840337,114.9547899159664,719.9800000000001
Ickstadt,Olivier,Moissistraße,25,71579,Spiegelberg,Deutschland,Olivier.Ickstadt@gmx.de,FR-21-273801884,2020-12-22,0AW964BNTKPZ,QL9376UIKNHG,Microsoft Flight Simulator Premium Game of the Year 2020 Xbox Series X|S PC Key,2,42.00840336134454,84.01680672268908,15.963193277310927,99.98
Qelaj,Leon,Husstraße,15,72417,Jungingen,Deutschland,Leon.Qelaj@gmx.de,FR-21-113181738,2021-06-25,0JQ686BBGKOJ,LS436KNBQSG,Star Citizen 555000 aUEC - Alpha UEC Credit 3.15.1 Live,2,3.3529411764705888,6.7058823529411775,1.2741176470588238,7.980000000000001
Calabrese,Fabian,Stienitzseestraße,48,72658,Bempflingen,Deutschland,Fabian.Calabrese@gmx.de,FR-21-367902238,2021-11-05,8VQ975PNEPFG,WI9151ZYYSMP,"Diablo 2 Resurrected D2R unid vernichtikus, unid Annihilus - PC/SC-US/EU/ASIA",1,13.436974789915967,13.436974789915967,2.5530252100840336,15.99
Eaton,Lucy,Eigenheimgasse,62,71139,Ehningen,Deutschland,Lucy.Eaton@gmx.de,FR-21-306623613,2021-12-03,5KX136EFKIDQ,XK5392WCAGCL,200 x Exalted Orb - Scourge League Softcore PC Path of Exile PoE- Blitzlieferung,1,302.51260504201684,302.51260504201684,57.4773949579832,359.99000000000007
Icli,Onur,Walther-Nernst-Straße,48,71679,Asperg,Deutschland,Onur.Icli@gmx.de,FR-21-529536309,2021-09-14,2PZ28XJCQHK,BE961EXDRSX,NEW WORLD - 10.000 GOLD (Taler) - ALLE SERVER *Sofortlieferung* ,1,27.722689075630257,27.722689075630257,5.267310924369749,32.99000000000001
Ebigt,Hendrik,Zinsgutstraße,3,72131,Ofterdingen,Deutschland,Hendrik.Ebigt@gmx.de,FR-21-194577566,2021-11-16,9CQ365KNJVLB,XZ5465MQQKVR,Forza Horizon 5 Premium XBOX ONE /Xbox Series X|S / PC Key,1,16.798319327731093,16.798319327731093,3.191680672268908,19.990000000000002
Gabbert,Jan,Baumschulenstraße,12,72250,Freudenstadt,Deutschland,Jan.Gabbert@gmx.de,FR-21-939923585,2021-11-13,6DL789GDWZSV,DJ1554OZIWQA,ARK: Survival Evolved  | PC | Digital Download | INSTANT [GLOBAL]| NEU,1,3.3529411764705888,3.3529411764705888,0.6370588235294119,3.9900000000000007
Calame,Fabia,Zinsgutstraße,26,72666,Neckartailfingen,Deutschland,Fabia.Calame@gmx.de,FR-21-695266616,2021-01-21,3PE560UGQIJU,TD9859BJZPDJ,Call of Duty Black Ops Cold War| PC |Digital Download| INSTANT [GLOBAL] CoD,1,1.6722689075630253,1.6722689075630253,0.3177310924369748,1.99
Baaz,Djamila,Magnusstraße,6,71549,Auenwald,Deutschland,Djamila.Baaz@gmx.de,FR-21-813083625,2021-01-27,9CP242PZBPDI,HB9935FYYACD,Token of Absolution | Zeichen | Reset Token Diablo 2 Resurrected [PC] EU/NA/Asia,3,84.02521008403362,252.07563025210084,47.89436974789916,299.97
Oberlechner,Liz,Freystadter Weg,3,72411,Bodelshausen,Deutschland,Liz.Oberlechner@gmx.de,FR-21-870092472,2021-03-09,8KH650XOYRIU,MC4716MOIUBE,100 x Exalted Orb - Scourge League Softcore PC Path of Exile PoE- Blitzlieferung,1,51.25210084033614,51.25210084033614,9.737899159663867,60.99000000000001
Cakolli,Fabrizius,Seidenbaustraße,14,72655,Altdorf bei Nürtingen,Deutschland,Fabrizius.Cakolli@gmx.de,FR-21-862697093,2021-01-03,7SO188SXXUSQ,CU3063DGLBRH,PC Spiele + Filme,1,3.0168067226890756,3.0168067226890756,0.5731932773109244,3.59
Maasch,Daniel,Handjerystraße,12,72213,Altensteig,Deutschland,Daniel.Maasch@gmx.de,FR-21-831245861,2021-09-03,4MI387JHOFEK,EN5412CIFRPJ,â€¼ï¸SWTOR Star Wars Adventsbasar Tulak Hord EU â€¼ï¸,1,25.201680672268907,25.201680672268907,4.7883193277310925,29.99
Idinger,Patrick,Hollstraße,9,71723,Großbottwar,Deutschland,Patrick.Idinger@gmx.de,FR-21-943821023,2021-03-13,5BD245GQLRPC,BH6125TTZTAT,Escape From Tarkov 5.000.000 Rubel Roubles Patch 0.12.11 EFT 5M 5 Mio. 5 Mil.,1,3.941176470588236,3.941176470588236,0.7488235294117649,4.690000000000001
Kabelka,Aamenah,Gemeinschaftsstraße,6,68723,Oftersheim,Deutschland,Aamenah.Kabelka@gmx.de,FR-21-328969465,2021-03-19,0XK501TWHFHO,QF7662OUJHNY,Forza Horizon 5 auf IHR Steam Account (KEIN EXTRA Account!) - Deutscher Service,1,420.15966386554624,420.15966386554624,79.83033613445379,499.99
Machnik,Hanna,KGA Einigkeit II,2,72532,Gomadingen,Deutschland,Hanna.Machnik@gmx.de,FR-21-841491636,2021-06-14,4JL494UYSKMU,US3982SGOUYC,SWTOR Hyperkiste: Ultimatives Kartelpaket Server: Tulak Hord EU,1,1.6722689075630253,1.6722689075630253,0.3177310924369748,1.99
Gaens,Nadine,Walther-Nernst-Straße,84,72587,Römerstein,Deutschland,Nadine.Gaens@gmx.de,FR-21-307046764,2021-03-01,1SZ17NCOHNP,AJ182YRYABU,AGE OF EMPIRES IV 4 KEIN STEAM KEY CODE SERIAL PC STANDARD EDITION AGE4 DIGITAL,1,3.3529411764705888,3.3529411764705888,0.6370588235294119,3.9900000000000007
Kabatek,Abigail,Walther-Nernst-Straße,3,68526,Ladenburg,Deutschland,Abigail.Kabatek@gmx.de,FR-21-62701805,2021-08-30,1BK434XQWWEU,IR3742BIUOZY,PROJECT WINGMAN GAME! STEAM! KEY NEU REINSCHAUEN,1,42.00840336134454,42.00840336134454,7.981596638655463,49.99
Oberhollenzer,Laura,Glienicker Weg,3,72364,Obernheim,Deutschland,Laura.Oberhollenzer@gmx.de,FR-21-15212521,2021-08-15,0PK673PUHZHO,BV6315KPNGLZ,Metin2 Germania 10 Won - Schnell und GÃ¼nstig!,1,5.369747899159663,5.369747899159663,1.020252100840336,6.39
Eber,Marianne,Rosenweg,51,71540,Murrhardt,Deutschland,Marianne.Eber@gmx.de,FR-21-826351269,2021-01-20,0SV140QTENYZ,AP5421RSYCLZ,Anno 1800 - PC (NEU & OVP!),1,2.512605042016807,2.512605042016807,0.47739495798319337,2.9900000000000007
Abadi,Emely,Bohrauer Pfad,6,68723,Oftersheim,Deutschland,Emely.Abadi@gmx.de,FR-21-477475407,2021-07-31,0UO103VJCNMU,JQ9483OCAAUX,Total War Empire Napoleon Game of the Year inkl. allen DLCs PC DVD-ROM ,1,27.722689075630257,27.722689075630257,5.267310924369749,32.99000000000001
Macher,Fritzi,Erich-Thilo-Straße,7,72505,Krauchenwies,Deutschland,Fritzi.Macher@gmx.de,FR-21-826082302,2021-07-19,1LZ475OOWHXD,UR1046KVXJVS,ðŸ”¥DIABLO 2 RESURRECTED D2RðŸ”¥ All Runes / Alle Runen / High Runes HR âœ…PC PS4 PS5âœ…,2,42.00840336134454,84.01680672268908,15.963193277310927,99.98
Maahs,Camern,Moissistraße,58,72175,Dornhan,Deutschland,Camern.Maahs@gmx.de,FR-21-52942041,2021-10-13,7MX7IQHHZY,SR19STWJLC,Das groÃŸe Big Fish Wimmelbild Paket 21 fÃ¼r PC | 10 x VOLLVERSIONEN | NEUWARE |,1,42.00840336134454,42.00840336134454,7.981596638655463,49.99
Lacker,Bastian,Friedlander Straße,36,72141,Walddorfhäslach,Deutschland,Bastian.Lacker@gmx.de,FR-21-968998142,2021-07-17,1RR582ZLFHIA,TE9467JOKRUC,New World mit Steam Account - Sofort Lieferbar und Deutscher Service,1,67.21848739495798,67.21848739495798,12.771512605042016,79.99
Ebeler,Linda,Freystadter Weg,25,71282,Hemmingen (Württemberg),Deutschland,Linda.Ebeler@gmx.de,FR-21-225680410,2021-10-31,1AU747DXLLVD,JV2499IPZTOT,Annihilus small charm Diablo 2 Resurrected Softcore,2,2.512605042016807,5.025210084033614,0.9547899159663867,5.980000000000001
Jacimovic,Todd,Erich-Thilo-Straße,6,72355,Schömberg (Zollernalbkreis),Deutschland,Todd.Jacimovic@gmx.de,FR-21-701357187,2021-07-28,0WG840GLDXLA,UH5039VMBFFJ,Pet Simulator X Rainbow Alien Parasite,1,42.00840336134454,42.00840336134454,7.981596638655463,49.99
Kadam,Celine,Platz der Befreiung,3,69254,Malsch bei Wiesloch,Deutschland,Celine.Kadam@gmx.de,FR-21-574999252,2021-07-12,4NH588OOHIBF,XK9166XGLSIZ,Forza Motorsport 7 (PC/Xbox One) [Download | Xbox Live | KEY],1,1.6722689075630253,1.6722689075630253,0.3177310924369748,1.99
Ickes,Oscar,Helbigstraße,5,71573,Allmersbach im Tal,Deutschland,Oscar.Ickes@gmx.de,FR-21-718799518,2021-08-14,2DN783MJWDUC,EX6521KFKDWX,Tal Rasha's Armor Guardianship Diablo 2 Resurrected D2R Sorceress Sorc Arm Tal's,1,8.394957983193278,8.394957983193278,1.5950420168067228,9.99
Obendorfer,Joana,Adlergestell,23,72663,Großbettlingen,Deutschland,Joana.Obendorfer@gmx.de,FR-21-903320083,2021-12-06,5JA793ZHRSET,KK6999LCFGXT,Crysis Remastered TRILOGY | PC | Epic Games | DE/MULTI | No Key / Code | INSTANT,1,1.6722689075630253,1.6722689075630253,0.3177310924369748,1.99
Daether,Kiki,Genossenschaftsstraße,1,71083,Herrenberg,Deutschland,Kiki.Daether@gmx.de,FR-21-931869003,2021-09-08,8LV436PJHRIJ,QQ7787DAADGQ,Diablo 2 Resurrected  D2R Softcore Tal Rashas Rasha Full Set  Xbox / Pc,2,3.3529411764705888,6.7058823529411775,1.2741176470588238,7.980000000000001
Jaax,Samuel,Am Studio,48,72181,Starzach,Deutschland,Samuel.Jaax@gmx.de,FR-21-237638789,2021-11-02,5RB400TNKCVC,EZ3912VCBXGP,Das groÃŸe Big Fish Wimmelbild Paket 22 fÃ¼r PC | 10 x VOLLVERSIONEN | NEUWARE |,1,42.00840336134454,42.00840336134454,7.981596638655463,49.99
Jacobeit,Will,Berberitzenweg,27,72475,Bitz,Deutschland,Will.Jacobeit@gmx.de,FR-21-306820684,2021-02-16,1GD298BGIDFD,EW785TQNWCW,Das groÃŸe Big Fish Wimmelbild Paket 20 fÃ¼r PC | 10 x VOLLVERSIONEN | NEUWARE |,1,25.201680672268907,25.201680672268907,4.7883193277310925,29.99
Maas,Cyranus,Gemeinschaftsstraße,2,72189,Vöhringen (Württemberg),Deutschland,Cyranus.Maas@gmx.de,FR-21-589376168,2021-07-23,9KX461NQHSIA,KY5370VSOZNK,Das groÃŸe Big Fish Wimmelbild Paket 19 fÃ¼r PC | 10 x VOLLVERSIONEN | NEUWARE |,1,58.81512605042017,58.81512605042017,11.174873949579831,69.99
Cagdas,Darius,Walther-Nernst-Straße,6,72517,Sigmaringendorf,Deutschland,Darius.Cagdas@gmx.de,FR-21-227018729,2021-07-01,1PI959USFTFK,ER5466LHQMBD,Pet Simulator X Rainbow Grim Reaper x10 + 5M Gems,1,42.00840336134454,42.00840336134454,7.981596638655463,49.99
Jacko,Volker,Ernststraße,9,72393,Burladingen,Deutschland,Volker.Jacko@gmx.de,FR-21-54593772,2021-09-09,1CM763NALSMU,OI6753OZZTAY,BLACK AND WHITE 1 KOMPLETT DEUTSCH Neuwertig,2,2.512605042016807,5.025210084033614,0.9547899159663867,5.980000000000001
Pacha,Hannes,Silberberger Straße,6,72589,Westerheim (Württemberg),Deutschland,Hannes.Pacha@gmx.de,FR-21-17525331,2021-11-21,9PO259XFSAFM,YM249ZULSXA,Forza Horizon 5 Unlock All / Booster fÃ¼r â—ALLESâ— Xbox / PC â—Beschreibung Lesenâ—,3,3.0168067226890756,9.050420168067227,1.719579831932773,10.77
Abassi,Frieda,Gellertstraße,4,68766,Hockenheim,Deutschland,Frieda.Abassi@gmx.de,FR-21-65391570,2021-01-15,2QF452CIVCJW,HZ7265WGYZRN,WoW-Shadowlands Gold Eredar Horde 250.000,1,3.0168067226890756,3.0168067226890756,0.5731932773109244,3.59
Jackson,Volker,Hallberger Zeile,28,72414,Rangendingen,Deutschland,Volker.Jackson@gmx.de,FR-21-630523731,2021-07-10,2JG357ABMGUF,CF2183QHUUVV,Tal Rashas Urteil Amu | Tal Rasha's Adjunction Amu Diablo 2 Resurrected EU/NA PC,1,3.3529411764705888,3.3529411764705888,0.6370588235294119,3.9900000000000007
Padovani,Jaakov,Hänselstraße,95,72358,Dormettingen,Deutschland,Jaakov.Padovani@gmx.de,FR-21-479396514,2021-09-20,0YK141OFFGUP,AF1332JNVZGP,Landwirtschafts-Simulator 22 Collectors Edition - PC (NEU & OVP!),1,42.00840336134454,42.00840336134454,7.981596638655463,49.99
Ebeling,Laureen,Friedlander Straße,6,71287,Weissach,Deutschland,Laureen.Ebeling@gmx.de,FR-21-551933508,2021-10-26,7FE815DQLMNZ,CD5059OHZGFL,Hitman III 3 | PC | Epic Games | DE/MULTI | No Key / Code | INSTANT,1,1.6722689075630253,1.6722689075630253,0.3177310924369748,1.99
Ibler,Marlon,Gellertstraße,8,71296,Heimsheim,Deutschland,Marlon.Ibler@gmx.de,FR-21-616960645,2021-08-25,9KQ765BDAKED,NJ4228QMKUNN,"Tony Hawk's Pro Skater 3 (PC, 2002, DVD-Box)",1,142.84873949579833,142.84873949579833,27.141260504201682,169.99
Ebel,Luna,Eigenheimgasse,23,71277,Rutesheim,Deutschland,Luna.Ebel@gmx.de,FR-21-629646071,2021-11-21,3FN692GBOFIJ,KA7089UFDACN,[VPN Aktiv] Dolby Atmos for Headphones Key - Xbox One / Win 10 PC Download Code,1,8.394957983193278,8.394957983193278,1.5950420168067228,9.99
Machunze,Iara,Berberitzenweg,48,72587,Römerstein,Deutschland,Iara.Machunze@gmx.de,FR-21-147412405,2021-02-10,7SK760UNQWBT,VT2225UWMGGO,Pet Simulator X Dark Matter Ghoul Horse ZufÃ¤llig Verzauberungen,1,5.369747899159663,5.369747899159663,1.020252100840336,6.39
Cabrera,Christoph,Walther-Nernst-Straße,1,72475,Bitz,Deutschland,Christoph.Cabrera@gmx.de,FR-21-12120842,2021-09-08,1FY158DLTYMA,BA9067RWKLDH,Star Citizen MISC Odyssey - LTI CCU Ship,2,5.033613445378152,10.067226890756304,1.9127731092436977,11.980000000000002
Kaap,Berenike,Hauptweg,47,72654,Neckartenzlingen,Deutschland,Berenike.Kaap@gmx.de,FR-21-234404343,2021-03-10,3SO230WVPZWU,IH6935PKVUVN,10x APEX Legends Promo Codes Monster Energy Token Battle Pass Levels In-Game,2,3.3529411764705888,6.7058823529411775,1.2741176470588238,7.980000000000001
Oberhauser,Leonie,Eigenheimgasse,48,72358,Dormettingen,Deutschland,Leonie.Oberhauser@gmx.de,FR-21-872864920,2021-02-08,5BW490OUGUAL,UK1058ZIQEHM,WOW TBC CLASSIC - EVERLOOK - 1000 GOLD - Horde/Allianz *Sofortlieferung*,1,16.798319327731093,16.798319327731093,3.191680672268908,19.990000000000002
Ibraimi,Niklas,Neltestraße,51,71404,Korb,Deutschland,Niklas.Ibraimi@gmx.de,FR-21-363896361,2021-01-18,0TM831XFVEMF,AH916HRCGYR,20 x Exalted Orb - Scourge League Softcore PC Path of Exile PoE- Blitzlieferung,1,302.51260504201684,302.51260504201684,57.4773949579832,359.99000000000007
Haas,Rabi,Seidenbaustraße,51,68775,Ketsch,Deutschland,Rabi.Haas@gmx.de,FR-21-182586011,2021-08-13,8OF841JFKAYR,CY6840FBYLZX,Jurassic World Evolution 2 Deluxe - PC STEAM [Deutsch / Blitzversand / Kein Key],1,5.369747899159663,5.369747899159663,1.020252100840336,6.39
Caduff,Carl,Handjerystraße,5,72510,Stetten am kalten Markt,Deutschland,Carl.Caduff@gmx.de,FR-21-526551961,2021-03-01,2PW244HVRDJG,AS9849GYUJNX,Diablo 2 PC Resurrected D2R [SC/HC] EU/NA : Zeichen / Token of Absolution,1,1.6722689075630253,1.6722689075630253,0.3177310924369748,1.99
Labes,Tim,Heidekampweg,65,71384,Weinstadt,Deutschland,Tim.Labes@gmx.de,FR-21-500314393,2020-12-26,6XG171XQCUDA,WV8641ZPYWYD,"Diablo 2 Resurrected Tal Rasha Full Set, Zauberin, Sorc D2r, PC, Switch,Armor",2,3.941176470588236,7.882352941176472,1.4976470588235298,9.380000000000003
Gadde,Luca,Gellertstraße,26,72501,Gammertingen,Deutschland,Luca.Gadde@gmx.de,FR-21-488853752,2021-11-19,8ZV853IZOWPC,GX2765TPOIVC,Verdungos Herzensband Verdungos Hearty Cord Diablo2 Resurrected D2R EU SC PC,1,42.00840336134454,42.00840336134454,7.981596638655463,49.99
Lackerbauer,Caleb,Gemeinschaftsstraße,14,72144,Dußlingen,Deutschland,Caleb.Lackerbauer@gmx.de,FR-21-609641979,2021-09-27,1DS93PMYFRV,DO8301VLHBMZ,Marvel's Guardians of the Galaxy PC Game Code Spiel Key,2,84.02521008403362,168.05042016806723,31.929579831932774,199.98000000000002
Laban,Luis,Dammweg,1,71282,Hemmingen (Württemberg),Deutschland,Luis.Laban@gmx.de,FR-21-421628810,2021-07-12,0IZ533IGWSHE,BJ3002YHYOTU,[VPN Aktiv] Forza Horizon 5 Premium Edition - Xbox & Windows 10 - Download Code,1,14.277310924369747,14.277310924369747,2.712689075630252,16.99
Oberndorfer,Fady,Thomas-Müntzer-Straße,62,72517,Sigmaringendorf,Deutschland,Fady.Oberndorfer@gmx.de,FR-21-57286196,2021-03-05,9EX888BRCZRV,OA1063HOZOTL,Planet Zoo (Deluxe Edition) [PC-Download | STEAM | KEY],2,42.00840336134454,84.01680672268908,15.963193277310927,99.98
Haberhauer,Ulrike,Eichbuschallee,84,69502,Hemsbach (Bergstraße),Deutschland,Ulrike.Haberhauer@gmx.de,FR-21-277859259,2021-04-26,0RX449VJFOLW,ZI6272PAETSR,Landwirtschafts-Simulator 22 - Collectorâ€™s Edition - PC - Neu & OVP - EU Version,1,2.512605042016807,2.512605042016807,0.47739495798319337,2.9900000000000007
Kaczmarek,Charlotte,Am Studio,8,69242,Mühlhausen (Kraichgau),Deutschland,Charlotte.Kaczmarek@gmx.de,FR-21-429943190,2021-10-09,0SK84QUMZOM,JR4620RKDERF,"Microsoft Flight Simulator X - Professional Edition (PC, 2006) - wie neu",1,13.436974789915967,13.436974789915967,2.5530252100840336,15.99
Eberl,Fady,Wünschelburger Gang,98,71573,Allmersbach im Tal,Deutschland,Fady.Eberl@gmx.de,FR-21-226912485,2021-10-08,4LK540XBPIZO,JR9990IKRMJZ,NEW WORLD GOLD - 10.000 Gold Alle EU Server,1,100.83193277310924,100.83193277310924,19.158067226890758,119.99000000000001
Labonte,Quirin,Abtstraße,1,71409,Schwaikheim,Deutschland,Quirin.Labonte@gmx.de,FR-21-304373540,2021-02-20,9NH353BHZIXW,KT5868JCRHMM,Diablo 2 PC (Softcore/Hardcore): Ohrenkette GÃ¼rtel / String of Ears Belt,2,27.722689075630257,55.44537815126051,10.534621848739498,65.98000000000002
Habegger,Sabine,Bergaustraße,1,69242,Mühlhausen (Kraichgau),Deutschland,Sabine.Habegger@gmx.de,FR-21-472927350,2021-04-17,9XP271UPIZMR,KS1100DZZJNP,ARK Survival Evolved Steam No Key Download Game [DE] [EU] PC,1,42.00840336134454,42.00840336134454,7.981596638655463,49.99
Laatz,Philipp,Baumschulenstraße,6,71263,Weil der Stadt,Deutschland,Philipp.Laatz@gmx.de,FR-21-305670514,2021-03-24,8GP683AFQCDS,HG5835PAKOPX,Die Sims 1 Set Hauptspiel + Alle Erweiterungen - Deutsche Versionen ! ,1,1.6722689075630253,1.6722689075630253,0.3177310924369748,1.99
Ibili,Zoe,Neltestraße,84,71277,Rutesheim,Deutschland,Zoe.Ibili@gmx.de,FR-21-287821462,2021-03-30,2JX601HNALTB,GG9898ABDKCT,Beliebteste Spiele und Klassiker fÃ¼r Playstation 4 / PS4 (USK18),1,3.3529411764705888,3.3529411764705888,0.6370588235294119,3.9900000000000007
Ebing,Heiko,Carl-Scheele-Straße,6,72135,Dettenhausen,Deutschland,Heiko.Ebing@gmx.de,FR-21-287691551,2021-06-01,2WJ531ULUNEP,KV914ZKTHAW,Minecraft Premium Xbox One/S/X Starter [Xbox]][HÃ¤ndler] Blitz-Versand âš¡âš¡,1,3.3529411764705888,3.3529411764705888,0.6370588235294119,3.9900000000000007
Kade,Daphne,Stienitzseestraße,8,69429,Waldbrunn (Odenwald),Deutschland,Daphne.Kade@gmx.de,FR-21-915032212,2021-12-06,2ZQ676NQHBWR,MI1781VGMCTQ,Genshin Impact Eu Ar 53 Raiden Mona Keqing Hu Tao Jean and more 5 star Weapon,2,5.033613445378152,10.067226890756304,1.9127731092436977,11.980000000000002
Ebner,Hagar,Am Adlergestell,1,72149,Neustetten,Deutschland,Hagar.Ebner@gmx.de,FR-21-85445111,2021-08-02,0MH676MUVCOG,MH3366ZAWAOV,Diablo 2 [D2R] PC (SOFTCORE) - [SC]: Windmacht - Hydrabogen | Windforce Hydrabow,1,2.512605042016807,2.512605042016807,0.47739495798319337,2.9900000000000007
Eberle,Fritz,Dörpfeldstraße,65,71576,Burgstetten,Deutschland,Fritz.Eberle@gmx.de,FR-21-593534077,2021-11-15,9FY710WDTZMI,ON8513BRCKVR,Dead by Daylight Unlock All (Beschreibung lesen !!),1,16.798319327731093,16.798319327731093,3.191680672268908,19.990000000000002
Laaber,Enna,Am Adlergestell,58,71101,Schönaich,Deutschland,Enna.Laaber@gmx.de,FR-21-79836329,2021-08-15,2MZ733UXEUJI,WZ1935UCHILU,habbo.de,1,67.21848739495798,67.21848739495798,12.771512605042016,79.99
Baal,Caroline,Platz der Befreiung,25,71297,Mönsheim,Deutschland,Caroline.Baal@gmx.de,FR-21-24968404,2021-01-03,6LD815BJJMFC,PN7900UQETAL,Deus Ex Pc Big Box US Version Rar SammlerstÃ¼ck ,1,1.6722689075630253,1.6722689075630253,0.3177310924369748,1.99
Pacht,Hauke,Behringstraße,9,72667,Schlaitdorf,Deutschland,Hauke.Pacht@gmx.de,FR-21-681492288,2021-09-03,5KP16NSOTND,RY2550IYAKXM,Nintendo Wii U Klassiker Spiele Super Mario Kart  Zelda Donkey Kong ,1,25.201680672268907,25.201680672268907,4.7883193277310925,29.99
Däbritz,Jill,Hänselstraße,26,69231,Rauenberg,Deutschland,Jill.Däbritz@gmx.de,FR-21-490582123,2021-09-24,2UU992NZEAPZ,YD1310NRVYKQ,Die Sims 2 von Electronic Arts | Game | Zustand gut,2,27.722689075630257,55.44537815126051,10.534621848739498,65.98000000000002
Haaker,Paula,KGA Am Teltowkanal III,26,72793,Pfullingen,Deutschland,Paula.Haaker@gmx.de,FR-21-883764567,2021-11-08,1NL957TJPBAD,IT4987BPWJOY,Death Stranding [PC-Download | STEAM | KEY],1,58.81512605042017,58.81512605042017,11.174873949579831,69.99
Kabuth,Blanka,Schneckenburgerstraße,5,69151,Neckargemünd,Deutschland,Blanka.Kabuth@gmx.de,FR-21-195301688,2021-02-06,8GA301CZXMLL,PM5397JLRUAV,New World Gold - ALLE SERVER *Sofortversand aus DE* 1000 - 50000,1,25.201680672268907,25.201680672268907,4.7883193277310925,29.99
Idel,Otto,Gemeinschaftsstraße,3,71706,Markgröningen,Deutschland,Otto.Idel@gmx.de,FR-21-973556729,2021-05-11,4UC735QFANOX,ZB5473NIIWOJ,Diablo2 D2R [SOFTCORE] EU/NA PC: Arreats Antlitz | Arreat's Face - Slayer Guard,2,3.0168067226890756,6.033613445378151,1.1463865546218488,7.18
Caba,Batiste,Glienicker Weg,6,72414,Rangendingen,Deutschland,Batiste.Caba@gmx.de,FR-21-247207828,2021-05-13,3WE366SQDGLK,VG9287KWGABW,Diablo 2 Resurrected HÃ¶llenfeuerfackel Torch PC PS4 PS5 Zauberin Sorc 18/20 D2R,1,2.512605042016807,2.512605042016807,0.47739495798319337,2.9900000000000007
Jaeckel,Amy,Königsheideweg,2,72519,Veringenstadt,Deutschland,Amy.Jaeckel@gmx.de,FR-21-89536030,2021-08-22,1MY222OJDKZN,KK2503AWWZDA,Andariels Antlitz | Andariel's Visage | Andy Face Diablo 2 Resurrected EU/NA PC,1,302.51260504201684,302.51260504201684,57.4773949579832,359.99000000000007
Paatz,Gel,Ernst-Lau-Straße,26,72555,Metzingen,Deutschland,Gel.Paatz@gmx.de,FR-21-987380703,2021-11-25,3MZ765AKQQMA,LV2241SEANMM,[Europe/EU] Genshin Impact Hu Tao Starter AR7 [Instant Delivery],1,2.512605042016807,2.512605042016807,0.47739495798319337,2.9900000000000007
Abdullahu,Astrid,Walther-Nernst-Straße,1,69439,Zwingenberg (Baden),Deutschland,Astrid.Abdullahu@gmx.de,FR-21-616589766,2021-03-23,3YS77ZEPQSL,KJ1645YSXKZB,LANDWIRTSCHAFTS SIMULATOR 2022 PC DVD ROM EDITION 22 DEUTSCH NEUWARE,2,16.798319327731093,33.596638655462186,6.383361344537816,39.980000000000004
Kader,Dominique,Zinsgutstraße,36,69469,Weinheim (Bergstraße),Deutschland,Dominique.Kader@gmx.de,FR-21-592184767,2021-01-27,3HS466GBULGH,NH6865TVLZJY,diablo 2 resurrected pc 5x Um Rune Item D2r High Run ,1,3.3529411764705888,3.3529411764705888,0.6370588235294119,3.9900000000000007
Jähnert,Paulina,Lohnauer Steig,14,72587,Römerstein,Deutschland,Paulina.Jähnert@gmx.de,FR-21-27424807,2021-02-11,0TY808LVOGPN,CU1619JGBZBH,300 Exalted Orb Scourge SC | Path of Exile | POE Scourge Softcore Deutsche IP PC,1,42.00840336134454,42.00840336134454,7.981596638655463,49.99
Igler,Richard,Wassermannstraße,36,72149,Neustetten,Deutschland,Richard.Igler@gmx.de,FR-21-255402812,2021-10-03,3ZW918ESIFFS,RL112XYSRCL,Fortnite OG Sensenmann! PlayStation! Mako Gleiter Season 1! Mit Rette Die Welt!,1,1.6722689075630253,1.6722689075630253,0.3177310924369748,1.99
Abdic,Wilma,Friedlander Straße,8,69256,Mauer (Baden),Deutschland,Wilma.Abdic@gmx.de,FR-21-389538695,2021-01-15,3IO483UHBSGO,CD3430ITOVDD,Die Sims 4 Hauptspiel Collector's Edition  **PC NEU OVP SELTEN,1,84.02521008403362,84.02521008403362,15.964789915966387,99.99000000000001
Abbasi,Anna,Neltestraße,6,68809,Neulußheim,Deutschland,Anna.Abbasi@gmx.de,FR-21-309802106,2021-01-19,3LC399CYIAVE,LC5620IOAPDN,Lego Harry Potter Collection - PS4 Playstation 4 Spiel - NEU OVP,1,1.6722689075630253,1.6722689075630253,0.3177310924369748,1.99
Oberacker,Jodi,Friedenstraße,6,72793,Pfullingen,Deutschland,Jodi.Oberacker@gmx.de,FR-21-264605301,2021-07-18,0WF849MPCBXK,AD3066WQVXMU,Diablo2 D2R[SOFTCORE]EU/NA PC: Andariels Antlitz | Andariel's Visage - Demonhead,1,67.21848739495798,67.21848739495798,12.771512605042016,79.99
Machold,Heike,Frauenlobstraße,1,72537,Mehrstetten,Deutschland,Heike.Machold@gmx.de,FR-21-72627148,2021-01-02,9HW690NXLAQP,FR8833UDDIFM,Diablo 2 PC D2R [SOFTCORE - SC] EU/NA: Draculs Griff - Dracul's Grasp Gloves,1,14.277310924369747,14.277310924369747,2.712689075630252,16.99
Machauer,Felina,Stienitzseestraße,27,72417,Jungingen,Deutschland,Felina.Machauer@gmx.de,FR-21-966429155,2021-09-30,8YZ771DFRJBF,AW1119ELHLSE,Call of Duty: Modern Warfare | PC [DE/MULTI] [Battle.net] No Key/Code | GLOBAL,2,42.00840336134454,84.01680672268908,15.963193277310927,99.98
Kaak,Edda,Genossenschaftsstraße,58,72644,Oberboihingen,Deutschland,Edda.Kaak@gmx.de,FR-21-317745139,2021-07-24,0VI442KCUDZJ,MV6877TUQXQL,Grand Theft Auto V GTA 5 [PC-Download | Offizielle Website | KEY],2,16.798319327731093,33.596638655462186,6.383361344537816,39.980000000000004
Cain,Donald,Vogelbeerstraße,1,72574,Bad Urach,Deutschland,Donald.Cain@gmx.de,FR-21-959110499,2020-12-13,3ZC487YMQSHO,WF6756RASVLD,Flight Simulator 2020 - Premium Deluxe Edition PC inkl. Code,1,16.798319327731093,16.798319327731093,3.191680672268908,19.990000000000002
Jachs,Tristan,Magnusstraße,84,72348,Rosenfeld,Deutschland,Tristan.Jachs@gmx.de,FR-21-275599599,2021-11-27,1TF499LWBHSC,TZ9198CPBFWX,Microsoft Flight Simulator 2020 PC DE Standard inkl Code,3,2.512605042016807,7.537815126050422,1.4321848739495802,8.970000000000002
Kaczynski,Caren,Newtonstraße,1,69251,Gaiberg,Deutschland,Caren.Kaczynski@gmx.de,FR-21-70345462,2021-01-06,6CJ552AOSIFG,MF1922GCLBYA,WARCRAFT 3 + AddOn FROZEN THRONE = GOLD EDITION  Top,1,5.369747899159663,5.369747899159663,1.020252100840336,6.39
Gabelberger,Jonathan,Dammweg,26,72299,Wörnersberg,Deutschland,Jonathan.Gabelberger@gmx.de,FR-21-645624079,2021-11-29,5AO84JTWJVU,BG7454ZILQNE,Red Dead Redemption 2 | PC [Epic Games] [DE/MULTI] No Key/Code,1,51.25210084033614,51.25210084033614,9.737899159663867,60.99000000000001
Cabuk,Cedrik,Eigenheimgasse,28,72477,Schwenningen (Heuberg),Deutschland,Cedrik.Cabuk@gmx.de,FR-21-214729482,2021-07-18,0CE348YWFKND,EY2278TIWUDZ,Call of Duty: Vanguard | PC [DE/MULTI] [Battle.net] No Key/Code | GLOBAL,1,51.25210084033614,51.25210084033614,9.737899159663867,60.99000000000001
Caglar,Diminic,Radickestraße,3,72531,Hohenstein (Württemberg),Deutschland,Diminic.Caglar@gmx.de,FR-21-608481811,2021-03-13,9AR607WWDXPJ,CX4284JDSEKZ,"Fallout 76 (inkl. Wastelanders) - [PC] - CODE ONLY, kein physischer Versand",3,58.81512605042017,176.4453781512605,33.5246218487395,209.97000000000003
Packmohr,Jaap,Alpenrosenweg,4,72224,Ebhausen,Deutschland,Jaap.Packmohr@gmx.de,FR-21-692634889,2021-07-02,4PC327OCSGAQ,HF3216QFDVCF,COMMAND AND CONQUER GENERÃ„LE DELUXE inkl. Die Stunde NULL Sehr guter Zustand,3,75.6218487394958,226.8655462184874,43.1044537815126,269.97
Backe,Bertram,Freystadter Weg,2,72401,Haigerloch,Deutschland,Bertram.Backe@gmx.de,FR-21-903329681,2021-03-20,1NE685ZZBUSX,MF6296QEUWFD,PC Red Dead Redemption 2 Standard Edition (Code in der Box) ,1,3.3529411764705888,3.3529411764705888,0.6370588235294119,3.9900000000000007
Ebenhöh,Magdalena,Otto-Franke-Straße,8,71409,Schwaikheim,Deutschland,Magdalena.Ebenhöh@gmx.de,FR-21-651076154,2021-03-11,7VW747LSYUFL,QO2139PXQXGQ,World of Tanks - Object 279 Early - Price calculation only! ( Presales Recon ),1,3.941176470588236,3.941176470588236,0.7488235294117649,4.690000000000001
Labisch,Friedrich,Hänselstraße,5,71397,Leutenbach (Württemberg),Deutschland,Friedrich.Labisch@gmx.de,FR-21-796404723,2021-03-18,3VM223RWTQZG,DQ2097LVRMVA,World of Tanks - Object 260 - T55A - Price calculation only! ( Presales Recon ),1,2.512605042016807,2.512605042016807,0.47739495798319337,2.9900000000000007
Däumler,Kim,Lohnauer Steig,25,71111,Waldenbuch,Deutschland,Kim.Däumler@gmx.de,FR-21-395186394,2021-03-08,5VK505NOMTEH,QL556QLKOMW,Hitman III 3 | PC [Epic Games] [DE/MULTI] No Key/Code,3,42.00840336134454,126.02521008403363,23.94478991596639,149.97000000000003
Gähler,Milo,Helbigstraße,2,72581,Dettingen an der Erms,Deutschland,Milo.Gähler@gmx.de,FR-21-19438170,2020-12-15,4XN311QQYYKP,NI1797ZASRHM,Classic Season of Mastery - 100 Gold - Kingsfall - Allianz  ,1,51.25210084033614,51.25210084033614,9.737899159663867,60.99000000000001
Machts,Iris,Alpenrosenweg,14,72584,Hülben,Deutschland,Iris.Machts@gmx.de,FR-21-579698397,2021-11-06,2DH583ASUMZT,DV8127UIGRJP,50 x Exalted Orb - Scourge League Softcore PC Path of Exile PoE - Blitzlieferung,2,3.3529411764705888,6.7058823529411775,1.2741176470588238,7.980000000000001
Lachnitt,Bernd,Anna-Seghers-Straße,8,71737,Kirchberg an der Murr,Deutschland,Bernd.Lachnitt@gmx.de,FR-21-439023794,2021-01-08,5LH340CQRUYJ,KJ1680GDLBAT,Die Sims 4 - Landhaus Leben / Cottage Living - DLC - PC EA Origin Code - Global,1,168.05882352941177,168.05882352941177,31.931176470588237,199.99
Pachner,Hakan,Am Adlergestell,64,72663,Großbettlingen,Deutschland,Hakan.Pachner@gmx.de,FR-21-370062369,2021-02-08,5BB469SMVYLP,WD9861HNLJLW,âš¡Blitzversand âš¡SWTOR Star Wars 2 Milliarden Credits Server: Tulak Hord EU,2,51.25210084033614,102.50420168067228,19.475798319327733,121.98000000000002
Abazi,Theresa,Hoffmannstraße,2,68794,Oberhausen-Rheinhausen,Deutschland,Theresa.Abazi@gmx.de,FR-21-539424040,2021-03-28,8CB936NWPKVP,PU2912PHLIRW,Star Citizen - Drake Vulture - LTI,2,3.941176470588236,7.882352941176472,1.4976470588235298,9.380000000000003
Haberbosch,Tabia,Kiehnwerderallee,45,69434,Heddesbach,Deutschland,Tabia.Haberbosch@gmx.de,FR-21-195412603,2021-01-15,0LE70QGAGTA,KI6282PQRNBE,ðŸ”¥DIABLO 2 RESURRECTED D2RðŸ”¥ Hellfire Torch / Fackel / All Classes âœ…PC PS4 PS5âœ…,1,3.3529411764705888,3.3529411764705888,0.6370588235294119,3.9900000000000007
Haasz,Sarah,Wilhelm-Ostwald-Straße,29,69190,Walldorf (Baden),Deutschland,Sarah.Haasz@gmx.de,FR-21-530444342,2021-11-16,3UQ944DABAYS,DD9140CZAWPI,ðŸ”¥DIABLO 2 RESURRECTED D2RðŸ”¥ All Rings / Alle Ringe âœ…PC PS4 PS5âœ…,2,16.798319327731093,33.596638655462186,6.383361344537816,39.980000000000004
Ibisevic,Zuri,Florian-Geyer-Straße,6,71287,Weissach,Deutschland,Zuri.Ibisevic@gmx.de,FR-21-763809380,2021-04-21,7SJ5ARQRCO,AH3966ZFBYCC,"Steam Account (reg. 2005-2010, 11-16 Years) | CS:GO 10 YEAR COIN + 5 YEAR COIN",1,1.6722689075630253,1.6722689075630253,0.3177310924369748,1.99
Igelbrink,Raphael,KGA Am Teltowkanal III,1,72144,Dußlingen,Deutschland,Raphael.Igelbrink@gmx.de,FR-21-674125924,2021-08-03,5LQ401KHBGTF,VP7874MSTDIF,EUW 50K+ League of Legends LOL accounts Unranked 50K - 60K BE IP Smurf Level 30,2,16.798319327731093,33.596638655462186,6.383361344537816,39.980000000000004
Abbassi,Carla,Bärdorfer Zeile,51,69151,Neckargemünd,Deutschland,Carla.Abbassi@gmx.de,FR-21-885991059,2021-07-21,8CI233LLVMIH,VP5406KEDRMN,â€¼ï¸SWTOR Star Wars Adventsbasar Tulak Hord EU â€¼ï¸,1,27.722689075630257,27.722689075630257,5.267310924369749,32.99000000000001
Aben,Aamu,Radickestraße,25,71131,Jettingen,Deutschland,Aamu.Aben@gmx.de,FR-21-573426223,2021-02-01,5WS925PKVKZP,QN8078DMIKST,Xploder Ultimative Edition Playstation PS3 Cheat System ,1,3.0168067226890756,3.0168067226890756,0.5731932773109244,3.59
Packeiser,Jules,Hallberger Zeile,6,72827,Wannweil,Deutschland,Jules.Packeiser@gmx.de,FR-21-673835488,2021-02-03,7EX478UKWBOP,DN8882JOKPJE,â­ï¸ Delicious 14 - Emily's Christmas Carol - Platinum Edition - PC / Windows â­ï¸,1,84.02521008403362,84.02521008403362,15.964789915966387,99.99000000000001
Jäger,Frieda,Bärdorfer Zeile,45,72535,Heroldstatt,Deutschland,Frieda.Jäger@gmx.de,FR-21-452229999,2021-03-27,6ZD74QHQETK,NB9034WIDPRB,Grand Theft Auto V Premium Online Edition - PC Rockstar Key Download Code GTA 5,1,16.798319327731093,16.798319327731093,3.191680672268908,19.990000000000002
Bacha,Julian,Heidekampweg,2,72160,Horb am Neckar,Deutschland,Julian.Bacha@gmx.de,FR-21-995728449,2021-11-24,9VV492IWDTTM,TT4677SASZCS,Landwirtschafts-Simulator 19 - PC (NEU & OVP!),2,16.798319327731093,33.596638655462186,6.383361344537816,39.980000000000004
Kabisch,Ava,Hollstraße,5,68766,Hockenheim,Deutschland,Ava.Kabisch@gmx.de,FR-21-845343853,2021-10-31,1WZ574IFEVFF,WK7260TGMCHJ,"Diablo 2 Resurrected D2R unid vernichtikus, unid Annihilus - PC/SC-US/EU/ASIA",2,84.02521008403362,168.05042016806723,31.929579831932774,199.98000000000002
Ibenthal,Xani,Hackenbergstraße,26,71159,Mötzingen,Deutschland,Xani.Ibenthal@gmx.de,FR-21-724048113,2021-11-29,2NR444DLPGWJ,YS247DDXBPA,ðŸ”¥DIABLO 2 RESURRECTEDðŸ”¥ All Runewords /Alle RunenwÃ¶rter Only Runes âœ…PC PS4 PS5âœ…,1,5.033613445378152,5.033613445378152,0.9563865546218489,5.990000000000001
Bachhofer,Peter,Arndtstraße,36,72186,Empfingen,Deutschland,Peter.Bachhofer@gmx.de,FR-21-745635550,2021-05-19,7AW172ZWBUKT,OS4107PNMIGT,Horizon Zero Dawn Complete Edition Key - PC Spiel - Steam Download Code - Global,1,142.84873949579833,142.84873949579833,27.141260504201682,169.99
Saadi,Meteo,Bernstadter Weg,24,72519,Veringenstadt,Deutschland,Meteo.Saadi@gmx.de,FR-21-970148077,2021-06-06,3ZD66EAAZJF,JP7821ESMYHC,Fortnite Batman Zero Wing Gleiter Key PC/PS4/PS5/Xbox,1,58.81512605042017,58.81512605042017,11.174873949579831,69.99
Kablitz,Arzu,Nipkowstraße,9,68794,Oberhausen-Rheinhausen,Deutschland,Arzu.Kablitz@gmx.de,FR-21-211345404,2021-08-21,8CL491PSBRGT,WT3773ABUYTP,"Wimmelbild Sammlung PC | 17 Vollversionen | Konvolut, Bundle | Guter Zustand",1,3.3529411764705888,3.3529411764705888,0.6370588235294119,3.9900000000000007
Haarseim,Radost,Rudower Chaussee,6,68766,Hockenheim,Deutschland,Radost.Haarseim@gmx.de,FR-21-993412331,2021-10-30,3MK449AGFNWN,WY9186HEURWC,"Steam Account (6 Digit, 2003, 18 Years) | CS:GO 10 YEAR COIN + 5 YEAR COIN (+OE)",1,3.941176470588236,3.941176470588236,0.7488235294117649,4.690000000000001
Dabrowski,Helena,Gondeker Straße,3,68753,Waghäusel,Deutschland,Helena.Dabrowski@gmx.de,FR-21-332002878,2021-04-17,9CC888WOXPUK,XJ7412PMZVPI,Red Rocks: Das Gold der Azteken (PC-CD) NEU&OVP -Tolles Match 3 Game - 90 Levels,2,84.02521008403362,168.05042016806723,31.929579831932774,199.98000000000002
Macherius,Gabrielle,Barbara-McClintock-Straße,9,72511,Bingen bei Sigmaringen,Deutschland,Gabrielle.Macherius@gmx.de,FR-21-323092813,2021-11-27,4FE306QUEYBY,XL9488FPUSRJ,Harlequin Crest Shako | Harlekin Tschako | Diablo 2 Resurrected D2R SC PC,1,16.798319327731093,16.798319327731093,3.191680672268908,19.990000000000002
Gabcke,Jakob,Berberitzenweg,25,72296,Schopfloch (Schwarzwald),Deutschland,Jakob.Gabcke@gmx.de,FR-21-512660845,2021-01-11,1QN945NOCJGI,XN8119ETBRCD,âš¡ Day of the Tentacle Remastered - PC / Windows / MAC / LINUX - STEAM Key Code âš¡,1,5.873949579831933,5.873949579831933,1.1160504201680672,6.99
Paap,Falko,Wassermannstraße,26,72525,Münsingen (Württemberg),Deutschland,Falko.Paap@gmx.de,FR-21-700108706,2021-01-30,1SK174XUNWCV,PT5289PHHGKG,Marrowwalk +2 | Knochensteig Stiefel | Diablo 2 Resurrected D2R SC PC,1,16.798319327731093,16.798319327731093,3.191680672268908,19.990000000000002
Iannelli,Violeta,Hänselstraße,9,71116,Gärtringen,Deutschland,Violeta.Iannelli@gmx.de,FR-21-135888020,2021-07-04,3FF656OASXWL,PF8742OCGNZE,Star Citizen - Banu Merchantman - LTI,1,16.798319327731093,16.798319327731093,3.191680672268908,19.990000000000002
Quabeck,Luke,Genossenschaftsstraße,55,72488,Sigmaringen,Deutschland,Luke.Quabeck@gmx.de,FR-21-593296901,2021-12-04,9NT545DHPQBY,SA3339EEOGSD,FIFA 22 Key - Standard Version - PC EA Origin Spiel Download Code - Worldwide,1,3.3529411764705888,3.3529411764705888,0.6370588235294119,3.9900000000000007
Mabrouk,Dewis,Schneckenburgerstraße,6,72299,Wörnersberg,Deutschland,Dewis.Mabrouk@gmx.de,FR-21-772392023,2021-03-19,2XJ78INKALX,QA444TZIRUD,"Diablo 2 Resurrected Herold von Zakarum, HoZ, Pala, D2R, PC, Switch, Zaka",1,16.798319327731093,16.798319327731093,3.191680672268908,19.990000000000002
Babl,Niklas,Baumschulenstraße,7,71737,Kirchberg an der Murr,Deutschland,Niklas.Babl@gmx.de,FR-21-874361411,2021-09-25,9BC210GAZMCG,MV9880VXAYFU,Windforce Bow 8% ML | Windmacht Bogen | Diablo 2 Resurrected D2R SC PC,1,5.369747899159663,5.369747899159663,1.020252100840336,6.39
Ebelt,Liz,Glienicker Weg,5,71296,Heimsheim,Deutschland,Liz.Ebelt@gmx.de,FR-21-768276033,2021-03-08,0OB536HKQWEO,JG7407KUCPTF,Hellpoint Nintendo Switch Spiel Action Aktion RPG Scifi Wild River Games,1,27.722689075630257,27.722689075630257,5.267310924369749,32.99000000000001
Iborg,Matti,Hackenbergstraße,3,71299,Wimsheim,Deutschland,Matti.Iborg@gmx.de,FR-21-310767381,2021-10-16,2PR407GGETVL,FP5187JTSRMZ,Humankind - PC Spiel Steam Download Code [Einzelspieler] [Online - PvP] - DE/EU,1,42.00840336134454,42.00840336134454,7.981596638655463,49.99
Daehre,Jean,Gellertstraße,8,69257,Wiesenbach (Baden),Deutschland,Jean.Daehre@gmx.de,FR-21-304665963,2021-07-13,9BR20PNCPMG,TB7887VJQHAD,Anno 1800 - Sonderausgabe - PC (NEU & OVP!),1,5.369747899159663,5.369747899159663,1.020252100840336,6.39
Bachman,Asis,Husstraße,26,72250,Freudenstadt,Deutschland,Asis.Bachman@gmx.de,FR-21-543033455,2021-07-11,6QA793DSSAJM,TG6286AXLSEW,Fortnite The Batman Who Laughs Epic Games PC/PS4/PS5/Xbox Key,3,42.00840336134454,126.02521008403363,23.94478991596639,149.97000000000003
Abaci,Amy,Arndtstraße,25,68549,Ilvesheim,Deutschland,Amy.Abaci@gmx.de,FR-21-862925258,2021-07-25,8OL31SAHGNL,WI9277DFZOFP,â­ï¸ Shadows - Awakening - DEUTSCH - Windows - STEAM Key Code â­ï¸,1,42.00840336134454,42.00840336134454,7.981596638655463,49.99
Iannello,Victoria,Königsheideweg,58,71120,Grafenau (Württemberg),Deutschland,Victoria.Iannello@gmx.de,FR-21-394064106,2021-03-07,0ZA684EBDORO,ZX6938KNKZTJ,ðŸŒªï¸ EUW League of Legends LOL Account Smurf 40.000ðŸ¤¬100.000 BE Unranked Level 30,1,13.436974789915967,13.436974789915967,2.5530252100840336,15.99
Bachinger,Liam,Bärdorfer Zeile,25,72202,Nagold,Deutschland,Liam.Bachinger@gmx.de,FR-21-651992476,2021-10-26,1KQ742SBAIRX,SW1133FUJLMV,Diablo 2 Resurrected D2R SOJ Stein von Jordan / Stone of Jordan SC PC,1,42.00840336134454,42.00840336134454,7.981596638655463,49.99
Habeck,Sarah,Agavensteig,48,69226,Nußloch,Deutschland,Sarah.Habeck@gmx.de,FR-21-508030824,2021-12-07,7GN302EYVVUF,FF4339ICJTVZ,"Steam Account (2003-2004, 17-18 Years) | CS:GO 10 YEAR COIN + 5 YEAR COIN (+OE)",2,50.411764705882355,100.82352941176471,19.156470588235294,119.98
Ebenau,Mareen,Helbigstraße,4,71299,Wimsheim,Deutschland,Mareen.Ebenau@gmx.de,FR-21-984631480,2021-03-04,4VX41XUXTJV,WP1874WSMDWH,Full Natalya's Set 4 Pieces | Natalyas Set | Diablo 2 Resurrected D2R SC PC,1,2.512605042016807,2.512605042016807,0.47739495798319337,2.9900000000000007
Ebisch,Hanno,Wilhelm-Ostwald-Straße,9,72141,Walddorfhäslach,Deutschland,Hanno.Ebisch@gmx.de,FR-21-41276390,2021-05-25,1XB565MBDSAJ,DK1063YPOLMK,Diablo 2 Resurrected-SC- Torch Fackel +3 Assasine PC/PS5/PS4/Switch,2,58.81512605042017,117.63025210084034,22.349747899159663,139.98
Abeling,Adriana,Köpenicker Straße,1,71106,Magstadt,Deutschland,Adriana.Abeling@gmx.de,FR-21-869878475,2021-11-23,4TG719HPLOSX,ON3793VDMQUP,Windows-PC: ONI komplett NEU in Folie - FrÃ¼hwerk von RockStar Games,1,42.00840336134454,42.00840336134454,7.981596638655463,49.99
Kaba,Augusta,Anna-Seghers-Straße,25,72663,Großbettlingen,Deutschland,Augusta.Kaba@gmx.de,FR-21-617521997,2021-07-22,5JO980ADKUFD,QB7003OBANJX,Valorant Account (EU West) | PLATINUM 1 + Ready For Competitive + Full Access,1,10.915966386554622,10.915966386554622,2.074033613445378,12.99
Calakovic,Felicitas,Weerthstraße,47,72664,Kohlberg (Württemberg),Deutschland,Felicitas.Calakovic@gmx.de,FR-21-98256922,2021-05-15,1IT138GXWSJW,MZ2274UBKRUI,Valorant Account (NA) | PLATINUM 1 + Ready For Competitive + Full Access,1,2.512605042016807,2.512605042016807,0.47739495798319337,2.9900000000000007
Maaßen,Dag,Moissistraße,1,72226,Simmersfeld,Deutschland,Dag.Maaßen@gmx.de,FR-21-948963740,2021-10-10,7RG745NUZNRG,QG6244XUJWHI,Naj's Light Plate Armor | Najs RÃ¼stung | Diablo 2 Resurrected D2R SC PC,1,42.00840336134454,42.00840336134454,7.981596638655463,49.99
Jähn,Eva,Hackenbergstraße,1,72581,Dettingen an der Erms,Deutschland,Eva.Jähn@gmx.de,FR-21-206171199,2021-04-10,8QE277YLOBZV,MA2569FCVWRP,Bul-Kathos' Wedding Band Ring 4% LL | Bul Kathos | Diablo 2 Resurrected D2R,2,25.201680672268907,50.403361344537814,9.576638655462185,59.98
Gaebler,Lutz,Bernstadter Weg,9,72531,Hohenstein (Württemberg),Deutschland,Lutz.Gaebler@gmx.de,FR-21-424375557,2021-11-24,7ON216KFHIND,XJ7045ACQCIH,Arachnid Belt | Spinnenmonsternetz GÃ¼rtel | Arach | Diablo 2 Resurrected D2R SC,3,5.369747899159663,16.10924369747899,3.0607563025210083,19.169999999999998
Babaei,Dorothee,Pfingstberggasse,9,71563,Affalterbach,Deutschland,Dorothee.Babaei@gmx.de,FR-21-878294248,2021-04-04,5TW124IMTTGF,VI6014EWAPDL,War Traveler 39% MF | Kriegsreisender Stiefel | Diablo 2 Resurrected D2R SC PC,2,16.798319327731093,33.596638655462186,6.383361344537816,39.980000000000004
Gabauer,Igor,Heidemühler Weg,26,72224,Ebhausen,Deutschland,Igor.Gabauer@gmx.de,FR-21-79997637,2021-04-10,3WJ211VVCWOT,SU3033IDNLNQ,Der Herr der Ringe Die Schlacht um Mittelerde II HÃ¼lle mit Anleitung Kein Spiel,1,2.512605042016807,2.512605042016807,0.47739495798319337,2.9900000000000007
Eberstein,Geoffrey,Rudower Chaussee,3,71720,Oberstenfeld,Deutschland,Geoffrey.Eberstein@gmx.de,FR-21-88462433,2021-06-01,5GD720CZYBTA,TH7920XNEWWG,WoW Shadowlands Sanktum der Herrschaft Boost Heroisch (HC) - 10/10 SoD Boosting,1,84.02521008403362,84.02521008403362,15.964789915966387,99.99000000000001
Cada,Cem,Glienicker Weg,29,72505,Krauchenwies,Deutschland,Cem.Cada@gmx.de,FR-21-594225161,2021-12-09,4CJ598OGYPMG,QX4563MXZCPE,Star Citizen - MISC Odyssey - LTI,1,3.3529411764705888,3.3529411764705888,0.6370588235294119,3.9900000000000007
Oberdick,Kiara,Lohnauer Steig,8,72827,Wannweil,Deutschland,Kiara.Oberdick@gmx.de,FR-21-856456371,2021-04-28,1VR843MNBIDB,CX5935CWPOKX,[VPN Aktiv] Microsoft Flight Simulator - Xbox Series / Win 10 PC Download Code,2,42.00840336134454,84.01680672268908,15.963193277310927,99.98
Gach,Kevin,Husstraße,9,72469,Meßstetten,Deutschland,Kevin.Gach@gmx.de,FR-21-1331150,2021-03-15,3VX278EJDGXX,UE8083WUCYKP,[VPN Aktiv] LEGO CITY Undercover Spiel Key - Xbox Series / One X|S Download Code,2,58.81512605042017,117.63025210084034,22.349747899159663,139.98
Gabriela,Jeremy,Arndtstraße,9,72369,Zimmern unter der Burg,Deutschland,Jeremy.Gabriela@gmx.de,FR-21-123013342,2021-01-30,6QH93EHHTHM,OP8600BYKMIM,Wrestling Spiele fÃ¼r PS2 Auswahl - WWE Smackdown vs. RAW usw. AKZEPTABEL,1,58.81512605042017,58.81512605042017,11.174873949579831,69.99
Maak,Cainan,Eigenheimgasse,47,72181,Starzach,Deutschland,Cainan.Maak@gmx.de,FR-21-97459672,2021-07-20,7JL275QZRLBP,BS3063LZKZKQ,Oculus | Das Auge | Occu | Occulus | Diablo 2 Resurrected D2R SC PC,1,16.798319327731093,16.798319327731093,3.191680672268908,19.990000000000002
Oberhoff,Lotta,Gemeinschaftsstraße,1,72362,Nusplingen,Deutschland,Lotta.Oberhoff@gmx.de,FR-21-876046914,2021-11-02,5RD236ODPGTA,JK9341DLXCCQ,Tal Rasha's Guardianship Armor | Tal Rashas RÃ¼stung Obhut | Diablo 2 Resurrected,1,3.941176470588236,3.941176470588236,0.7488235294117649,4.690000000000001
Jacobi,Walter,Bodelschwinghstraße,26,72477,Schwenningen (Heuberg),Deutschland,Walter.Jacobi@gmx.de,FR-21-40276620,2021-11-16,1TB25FQDMIL,HO8993UOJHDX,Star Citizen - Crusader Hercules Starlifter M2 - LTI,1,3.3529411764705888,3.3529411764705888,0.6370588235294119,3.9900000000000007
Bachelier,Henry,Hänselstraße,95,72175,Dornhan,Deutschland,Henry.Bachelier@gmx.de,FR-21-655618047,2021-10-15,3DV253FHMQDA,JL2490YPUSQQ,PC Spiel Elex: Collector's Edition NEUWARE,1,3.3529411764705888,3.3529411764705888,0.6370588235294119,3.9900000000000007
Icen,Neo,Friedlander Straße,9,71554,Weissach im Tal,Deutschland,Neo.Icen@gmx.de,FR-21-385064495,2021-06-03,4IM628EMFKYY,CJ5587GDNDIS,âš¡ Stronghold Crusader HD - PC - STEAM Download Key Code [DE] - BLITZVERSAND âš¡,1,168.05882352941177,168.05882352941177,31.931176470588237,199.99
Abels,Arielle,Nipkowstraße,36,71120,Grafenau (Württemberg),Deutschland,Arielle.Abels@gmx.de,FR-21-993553652,2021-03-15,0OB305LHAQEM,QP2957HYDERW,Wer weiss denn sowas? Das 2. Spiel -  PlayStation 4 (NEU & OVP!),1,2.512605042016807,2.512605042016807,0.47739495798319337,2.9900000000000007
Idris,Pamir,Moissistraße,1,71729,Erdmannhausen,Deutschland,Pamir.Idris@gmx.de,FR-21-258530297,2021-02-01,4RW982BNBQUT,DZ2984MWJKTB,Csi NY New York The Game fÃ¼r Pc Neu Ovp,1,2.512605042016807,2.512605042016807,0.47739495798319337,2.9900000000000007
Kadasch,Chaya,Rudower Chaussee,45,69257,Wiesenbach (Baden),Deutschland,Chaya.Kadasch@gmx.de,FR-21-107024233,2021-05-24,2ME439HPNHTB,TO2754TWFTJW,[VPN Aktiv] Microsoft Flight Simulator Premium Deluxe - Xbox Series / PC Code,1,10.915966386554622,10.915966386554622,2.074033613445378,12.99
Labs,Quentin,Bohrauer Pfad,98,71543,Wüstenrot,Deutschland,Quentin.Labs@gmx.de,FR-21-431798943,2021-07-09,1ES502RVCTER,NF1662EWLYZX,Star Citizen - Anvil Carrack - LTI,1,5.873949579831933,5.873949579831933,1.1160504201680672,6.99
Back,Beat,Büchnerweg,1,72379,Hechingen,Deutschland,Beat.Back@gmx.de,FR-21-221301515,2021-09-27,2FI319ARAYIX,ZQ2486OGQLHF,Star Citizen - RSI Polaris - LTI,1,16.798319327731093,16.798319327731093,3.191680672268908,19.990000000000002
Iglesias,Radi,Wünschelburger Gang,14,72160,Horb am Neckar,Deutschland,Radi.Iglesias@gmx.de,FR-21-933672354,2021-03-10,6RL273HDAQPX,YG4131YVMYFG,DEATHLOOP (PC),1,1.6722689075630253,1.6722689075630253,0.3177310924369748,1.99
Bachofer,Ake,Genossenschaftsstraße,26,72355,Schömberg (Zollernalbkreis),Deutschland,Ake.Bachofer@gmx.de,FR-21-161937566,2021-05-02,3RF576BKANWL,DW7403HIFIQN,Pc Spiel - GTA 3 (Grand Theft Auto 3) - Pc Cd Rom - OVP/top ,1,25.201680672268907,25.201680672268907,4.7883193277310925,29.99
Packheiser,Jakob,Kiehnwerderallee,3,72221,Haiterbach,Deutschland,Jakob.Packheiser@gmx.de,FR-21-345318382,2021-04-17,3WF910YPQCMD,VT4779TOVXQH,Spiel: Die Sims 3 Jahreszeiten Erweiterungspaket PC / DVD nur Offline spielbar,1,302.51260504201684,302.51260504201684,57.4773949579832,359.99000000000007
Oberhammer,Lucy,Anna-Seghers-Straße,27,72351,Geislingen (Zollernalbkreis),Deutschland,Lucy.Oberhammer@gmx.de,FR-21-519792277,2021-06-29,4OE11OJXRTY,XD1652WMXAZD,Das groÃŸe Mystery Wimmelbild-Paket 6 fÃ¼r PC | 10 x VOLLVERSIONEN | NEUWARE |,1,2.512605042016807,2.512605042016807,0.47739495798319337,2.9900000000000007
Kabaca,Alba,Bernstadter Weg,24,72664,Kohlberg (Württemberg),Deutschland,Alba.Kabaca@gmx.de,FR-21-167185337,2021-03-02,8AH667XIVRSF,FX6501ESUZDW,Pet Simulator X Rainbow Galaxy Fox,1,3.3529411764705888,3.3529411764705888,0.6370588235294119,3.9900000000000007
Cagan,Daniel,Köpenicker Straße,25,72514,Inzigkofen,Deutschland,Daniel.Cagan@gmx.de,FR-21-758235621,2021-09-05,0IY323BAFIAF,RK9430DYUMNX,Pet Simulator X 100M Diamonds (100.000.000) -sofortige Lieferung!,2,142.84873949579833,285.69747899159665,54.282521008403364,339.98
Obermeyer,Mae,Rosenweg,14,72510,Stetten am kalten Markt,Deutschland,Mae.Obermeyer@gmx.de,FR-21-607537378,2021-08-11,5KP182LOLTNA,QE6715TXMLZM,Star Citizen 1.000.000 aUEC,1,420.15966386554624,420.15966386554624,79.83033613445379,499.99
Quadflieg,Lutz,Lohnauer Steig,2,72513,Hettingen,Deutschland,Lutz.Quadflieg@gmx.de,FR-21-494198115,2021-06-06,0OR102RCFLUA,JI2788SUDRKD,Escape From Tarkov 10.000.000 Rubel Roubles Patch 0.12.11 EFT 10M 10 Mio 10 Mil.,1,42.00840336134454,42.00840336134454,7.981596638655463,49.99
Daffner,Liv,Anna-Seghers-Straße,48,71126,Gäufelden,Deutschland,Liv.Daffner@gmx.de,FR-21-833061639,2020-12-14,2SS544SVTVTB,CP1135MCKURO,BPM: BULLETS PER MINUTE GAME! STEAM! KEY NEU REINSCHAUEN,2,84.02521008403362,168.05042016806723,31.929579831932774,199.98000000000002
Gadinger,Lennard,Hoffmannstraße,8,72513,Hettingen,Deutschland,Lennard.Gadinger@gmx.de,FR-21-189135540,2021-10-06,0FV911RFMNXM,HV2668NGQPNQ,Diablo 2 Resurrected - Spinnenmonsternetz - Arach - Arachnid Mesh - Softcore PC,1,0.8319327731092437,0.8319327731092437,0.1580672268907563,0.99
Obernberger,Fynn,Steinbachstraße,9,72514,Inzigkofen,Deutschland,Fynn.Obernberger@gmx.de,FR-21-662867757,2021-03-26,0VG739QIJYKT,OI4376QCBDBG,Diablo 2 Resurrected - D2R - [EU/SC/PC] - HÃ¤nde Auflegen / Laying of Hands,1,75.6218487394958,75.6218487394958,14.368151260504202,89.99000000000001
Jäggi,Romy,Friedenstraße,2,72539,Pfronstetten,Deutschland,Romy.Jäggi@gmx.de,FR-21-546033776,2021-08-05,5BR633VZJIVA,FT1901EKRDQF,Microsoft Flight Simulator Premium Game of the Year 2020 Xbox Series X|S PC Key,1,134.4453781512605,134.4453781512605,25.5446218487395,159.99
